inputs,response
어디에서 회원가입을 할 수 있나요?,회원가입은 우측 상단의 회원가입 버튼을 이용부탁드립니다.
회원가입은 어디로 가면 되나요?,회원가입은 우측 상단의 회원가입 버튼을 이용부탁드립니다.
가입 절차는 어디서 시작하나요?,회원가입은 우측 상단의 회원가입 버튼을 이용부탁드립니다.
새 계정을 만들려면 어디로 가야 하나요?,회원가입은 우측 상단의 회원가입 버튼을 이용부탁드립니다.
계정을 만들고 싶은데 어디서 하면 될까요?,회원가입은 우측 상단의 회원가입 버튼을 이용부탁드립니다.
회원가입하려면 어디로 들어가야 하나요?,회원가입은 우측 상단의 회원가입 버튼을 이용부탁드립니다.
신규 회원 등록은 어디서 하나요?,회원가입은 우측 상단의 회원가입 버튼을 이용부탁드립니다.
계정을 등록하려면 어느 페이지로 가야 하나요?,회원가입은 우측 상단의 회원가입 버튼을 이용부탁드립니다.
회원 등록 절차는 어디서 시작되나요?,회원가입은 우측 상단의 회원가입 버튼을 이용부탁드립니다.
새 사용자로 가입하려면 어디로 가면 되나요?,회원가입은 우측 상단의 회원가입 버튼을 이용부탁드립니다.
가입은 어디서 진행할 수 있나요?,회원가입은 우측 상단의 회원가입 버튼을 이용부탁드립니다.
어디서 계정을 생성할 수 있나요?,회원가입은 우측 상단의 회원가입 버튼을 이용부탁드립니다.
회원 가입을 위해 가야 할 장소는 어디인가요?,회원가입은 우측 상단의 회원가입 버튼을 이용부탁드립니다.
회원가입 페이지는 어디에 있나요?,회원가입은 우측 상단의 회원가입 버튼을 이용부탁드립니다.
가입 창은 어디서 열 수 있나요?,회원가입은 우측 상단의 회원가입 버튼을 이용부탁드립니다.
등록 프로세스는 어디서 시작하나요?,회원가입은 우측 상단의 회원가입 버튼을 이용부탁드립니다.
신규 계정을 등록하려면 어디로 이동해야 하나요?,회원가입은 우측 상단의 회원가입 버튼을 이용부탁드립니다.
회원가입 경로를 알고 싶습니다. 어디인가요?,회원가입은 우측 상단의 회원가입 버튼을 이용부탁드립니다.
계정을 생성하려면 어느 메뉴로 가야 하나요?,회원가입은 우측 상단의 회원가입 버튼을 이용부탁드립니다.
신규 가입은 어디서 할 수 있나요?,회원가입은 우측 상단의 회원가입 버튼을 이용부탁드립니다.
새 계정을 만들려면 어떻게 해야 하나요?,회원가입은 우측 상단의 회원가입 버튼을 이용부탁드립니다.
어디에서 새 계정을 등록할 수 있나요?,회원가입은 우측 상단의 회원가입 버튼을 이용부탁드립니다.
회원 가입을 위해 들어가야 할 경로는 어디인가요?,회원가입은 우측 상단의 회원가입 버튼을 이용부탁드립니다.
계정을 생성하려면 어느 버튼을 눌러야 하나요?,회원가입은 우측 상단의 회원가입 버튼을 이용부탁드립니다.
신규 사용자 등록은 어디에서 진행되나요?,회원가입은 우측 상단의 회원가입 버튼을 이용부탁드립니다.
새 사용자로 등록하려면 어떤 페이지로 가야 하나요?,회원가입은 우측 상단의 회원가입 버튼을 이용부탁드립니다.
가입을 완료하려면 어디로 가야 하나요?,회원가입은 우측 상단의 회원가입 버튼을 이용부탁드립니다.
어디에서 가입 절차를 밟을 수 있나요?,회원가입은 우측 상단의 회원가입 버튼을 이용부탁드립니다.
회원 가입은 어떻게 할 수 있나요?,회원가입은 우측 상단의 회원가입 버튼을 이용부탁드립니다.
가입 프로세스가 시작되는 위치는 어디인가요?,회원가입은 우측 상단의 회원가입 버튼을 이용부탁드립니다.
계정을 만들고 싶습니다. 어디로 가야 하나요?,회원가입은 우측 상단의 회원가입 버튼을 이용부탁드립니다.
신규 회원으로 등록하려면 어떻게 해야 하나요?,회원가입은 우측 상단의 회원가입 버튼을 이용부탁드립니다.
회원가입 시작점은 어디인가요?,회원가입은 우측 상단의 회원가입 버튼을 이용부탁드립니다.
회원으로 등록하려면 어느 메뉴로 들어가야 하나요?,회원가입은 우측 상단의 회원가입 버튼을 이용부탁드립니다.
가입 페이지를 열려면 어디로 가야 하나요?,회원가입은 우측 상단의 회원가입 버튼을 이용부탁드립니다.
계정 등록 절차는 어디서 시작되나요?,회원가입은 우측 상단의 회원가입 버튼을 이용부탁드립니다.
신규 계정 등록 페이지는 어디에 있나요?,회원가입은 우측 상단의 회원가입 버튼을 이용부탁드립니다.
회원 가입 경로는 어떻게 되나요?,회원가입은 우측 상단의 회원가입 버튼을 이용부탁드립니다.
가입하려면 어느 곳으로 이동해야 하나요?,회원가입은 우측 상단의 회원가입 버튼을 이용부탁드립니다.
계정을 만들려면 어떤 화면으로 가야 하나요?,회원가입은 우측 상단의 회원가입 버튼을 이용부탁드립니다.
가입을 진행하려면 어디로 들어가야 하나요?,회원가입은 우측 상단의 회원가입 버튼을 이용부탁드립니다.
신규 회원 가입은 어디서 가능하나요?,회원가입은 우측 상단의 회원가입 버튼을 이용부탁드립니다.
가입 창은 어디에서 찾을 수 있나요?,회원가입은 우측 상단의 회원가입 버튼을 이용부탁드립니다.
신규 가입은 어디에서 이루어지나요?,회원가입은 우측 상단의 회원가입 버튼을 이용부탁드립니다.
계정을 만들고 싶은데 어디서 할 수 있나요?,회원가입은 우측 상단의 회원가입 버튼을 이용부탁드립니다.
회원가입을 시작하려면 어디로 가야 하나요?,회원가입은 우측 상단의 회원가입 버튼을 이용부탁드립니다.
어디서 회원 등록을 할 수 있나요?,회원가입은 우측 상단의 회원가입 버튼을 이용부탁드립니다.
계정을 등록하려면 어느 페이지로 가면 되나요?,회원가입은 우측 상단의 회원가입 버튼을 이용부탁드립니다.
새로 가입하려면 어디서 진행하면 되나요?,회원가입은 우측 상단의 회원가입 버튼을 이용부탁드립니다.
가입 절차를 시작하려면 어디로 가야 하나요?,회원가입은 우측 상단의 회원가입 버튼을 이용부탁드립니다.
신규 가입 경로는 어디인가요?,회원가입은 우측 상단의 회원가입 버튼을 이용부탁드립니다.
새 계정은 어디서 생성할 수 있나요?,회원가입은 우측 상단의 회원가입 버튼을 이용부탁드립니다.
회원 등록은 어디에서 이루어지나요?,회원가입은 우측 상단의 회원가입 버튼을 이용부탁드립니다.
가입을 완료하려면 어느 페이지로 가야 하나요?,회원가입은 우측 상단의 회원가입 버튼을 이용부탁드립니다.
어디서 새 계정을 만들 수 있나요?,회원가입은 우측 상단의 회원가입 버튼을 이용부탁드립니다.
가입하려면 어디서 시작해야 하나요?,회원가입은 우측 상단의 회원가입 버튼을 이용부탁드립니다.
신규 계정 생성 페이지는 어디에 있나요?,회원가입은 우측 상단의 회원가입 버튼을 이용부탁드립니다.
가입 절차를 진행하려면 어디로 들어가야 하나요?,회원가입은 우측 상단의 회원가입 버튼을 이용부탁드립니다.
회원으로 등록하려면 어떻게 해야 하나요?,회원가입은 우측 상단의 회원가입 버튼을 이용부탁드립니다.
새 계정을 등록하려면 어디서 하면 되나요?,회원가입은 우측 상단의 회원가입 버튼을 이용부탁드립니다.
어디에서 신규 회원 등록을 할 수 있나요?,회원가입은 우측 상단의 회원가입 버튼을 이용부탁드립니다.
가입 시작 위치는 어디인가요?,회원가입은 우측 상단의 회원가입 버튼을 이용부탁드립니다.
회원 가입 페이지는 어디에 위치해 있나요?,회원가입은 우측 상단의 회원가입 버튼을 이용부탁드립니다.
신규 계정 등록은 어디서 시작하나요?,회원가입은 우측 상단의 회원가입 버튼을 이용부탁드립니다.
가입을 진행하려면 어떤 경로로 가야 하나요?,회원가입은 우측 상단의 회원가입 버튼을 이용부탁드립니다.
가입을 하려면 어느 곳으로 가야 하나요?,회원가입은 우측 상단의 회원가입 버튼을 이용부탁드립니다.
가입 방법을 알고 싶습니다. 어디서 하나요?,회원가입은 우측 상단의 회원가입 버튼을 이용부탁드립니다.
계정 생성은 어느 페이지에서 이루어지나요?,회원가입은 우측 상단의 회원가입 버튼을 이용부탁드립니다.
신규 회원 등록은 어느 화면에서 하나요?,회원가입은 우측 상단의 회원가입 버튼을 이용부탁드립니다.
회원 가입 경로는 어떻게 찾을 수 있나요?,회원가입은 우측 상단의 회원가입 버튼을 이용부탁드립니다.
새 계정을 만들려면 어디로 접근해야 하나요?,회원가입은 우측 상단의 회원가입 버튼을 이용부탁드립니다.
가입 시작 버튼은 어디에 있나요?,회원가입은 우측 상단의 회원가입 버튼을 이용부탁드립니다.
회원으로 등록하려면 어디를 클릭해야 하나요?,회원가입은 우측 상단의 회원가입 버튼을 이용부탁드립니다.
신규 가입 페이지는 어디서 찾을 수 있나요?,회원가입은 우측 상단의 회원가입 버튼을 이용부탁드립니다.
가입을 위해 선택해야 할 메뉴는 어디인가요?,회원가입은 우측 상단의 회원가입 버튼을 이용부탁드립니다.
회원 등록을 진행하려면 어디로 이동해야 하나요?,회원가입은 우측 상단의 회원가입 버튼을 이용부탁드립니다.
가입은 어느 곳에서 시작할 수 있나요?,회원가입은 우측 상단의 회원가입 버튼을 이용부탁드립니다.
신규 계정을 만들려면 어디서 절차를 밟아야 하나요?,회원가입은 우측 상단의 회원가입 버튼을 이용부탁드립니다.
회원 가입 메뉴는 어디에 있나요?,회원가입은 우측 상단의 회원가입 버튼을 이용부탁드립니다.
가입 창을 열려면 어떻게 해야 하나요?,회원가입은 우측 상단의 회원가입 버튼을 이용부탁드립니다.
신규 회원으로 가입하려면 어디로 가야 하나요?,회원가입은 우측 상단의 회원가입 버튼을 이용부탁드립니다.
회원 가입 위치는 어디인가요?,회원가입은 우측 상단의 회원가입 버튼을 이용부탁드립니다.
가입을 시작하려면 어떤 링크를 클릭해야 하나요?,회원가입은 우측 상단의 회원가입 버튼을 이용부탁드립니다.
계정 생성을 위해 어디로 들어가야 하나요?,회원가입은 우측 상단의 회원가입 버튼을 이용부탁드립니다.
가입 절차를 밟으려면 어느 페이지로 가야 하나요?,회원가입은 우측 상단의 회원가입 버튼을 이용부탁드립니다.
가입을 하려면 어디를 눌러야 하나요?,회원가입은 우측 상단의 회원가입 버튼을 이용부탁드립니다.
새 계정을 만들기 위해 어디로 가야 하나요?,회원가입은 우측 상단의 회원가입 버튼을 이용부탁드립니다.
가입 시작점은 어떻게 찾을 수 있나요?,회원가입은 우측 상단의 회원가입 버튼을 이용부탁드립니다.
계정 생성 경로는 어디인가요?,회원가입은 우측 상단의 회원가입 버튼을 이용부탁드립니다.
신규 가입 메뉴는 어떻게 찾을 수 있나요?,회원가입은 우측 상단의 회원가입 버튼을 이용부탁드립니다.
회원으로 등록하려면 어떤 화면으로 가야 하나요?,회원가입은 우측 상단의 회원가입 버튼을 이용부탁드립니다.
가입 절차를 진행하려면 어느 페이지로 들어가야 하나요?,회원가입은 우측 상단의 회원가입 버튼을 이용부탁드립니다.
신규 가입은 어느 화면에서 가능하나요?,회원가입은 우측 상단의 회원가입 버튼을 이용부탁드립니다.
가입을 시작하려면 어떤 버튼을 클릭해야 하나요?,회원가입은 우측 상단의 회원가입 버튼을 이용부탁드립니다.
새 계정을 만들려면 어떤 경로로 들어가야 하나요?,회원가입은 우측 상단의 회원가입 버튼을 이용부탁드립니다.
가입 위치는 어디에 있나요?,회원가입은 우측 상단의 회원가입 버튼을 이용부탁드립니다.
가입 절차는 어떤 페이지에서 시작하나요?,회원가입은 우측 상단의 회원가입 버튼을 이용부탁드립니다.
가입 페이지 링크는 어디서 확인할 수 있나요?,회원가입은 우측 상단의 회원가입 버튼을 이용부탁드립니다.
신규 계정을 만들기 위한 경로는 어디인가요?,회원가입은 우측 상단의 회원가입 버튼을 이용부탁드립니다.
가입을 완료하려면 어떤 경로로 들어가야 하나요?,회원가입은 우측 상단의 회원가입 버튼을 이용부탁드립니다.
로그인하려면 어디로 가야 하나요?,로그인은 우측 상단의 로그인 버튼을 이용부탁드립니다.
계정에 접속하려면 어떤 메뉴를 눌러야 하나요?,로그인은 우측 상단의 로그인 버튼을 이용부탁드립니다.
로그인 페이지는 어디에 있나요?,로그인은 우측 상단의 로그인 버튼을 이용부탁드립니다.
계정 로그인은 어디에서 이루어지나요?,로그인은 우측 상단의 로그인 버튼을 이용부탁드립니다.
어디에서 계정을 입력하고 들어갈 수 있나요?,로그인은 우측 상단의 로그인 버튼을 이용부탁드립니다.
로그인을 하려면 어디서 시작하나요?,로그인은 우측 상단의 로그인 버튼을 이용부탁드립니다.
계정 접속은 어디서 할 수 있나요?,로그인은 우측 상단의 로그인 버튼을 이용부탁드립니다.
로그인 화면으로 어떻게 가나요?,로그인은 우측 상단의 로그인 버튼을 이용부탁드립니다.
사용자 인증은 어디서 하나요?,로그인은 우측 상단의 로그인 버튼을 이용부탁드립니다.
어디로 들어가야 로그인할 수 있나요?,로그인은 우측 상단의 로그인 버튼을 이용부탁드립니다.
어디에서 계정 정보를 입력할 수 있나요?,로그인은 우측 상단의 로그인 버튼을 이용부탁드립니다.
로그인 창은 어디에 위치해 있나요?,로그인은 우측 상단의 로그인 버튼을 이용부탁드립니다.
로그인 절차는 어디서 시작되나요?,로그인은 우측 상단의 로그인 버튼을 이용부탁드립니다.
계정 접속을 위해 어느 페이지로 이동해야 하나요?,로그인은 우측 상단의 로그인 버튼을 이용부탁드립니다.
어디에서 로그인 절차를 진행하면 되나요?,로그인은 우측 상단의 로그인 버튼을 이용부탁드립니다.
계정에 접속하려면 어떤 버튼을 클릭해야 하나요?,로그인은 우측 상단의 로그인 버튼을 이용부탁드립니다.
로그인 작업은 어디서 할 수 있나요?,로그인은 우측 상단의 로그인 버튼을 이용부탁드립니다.
사용자 계정을 입력하려면 어디로 가야 하나요?,로그인은 우측 상단의 로그인 버튼을 이용부탁드립니다.
로그인 기능은 어느 곳에서 제공되나요?,로그인은 우측 상단의 로그인 버튼을 이용부탁드립니다.
로그인 하려면 어떤 경로로 가야 하나요?,로그인은 우측 상단의 로그인 버튼을 이용부탁드립니다.
계정 접속을 위한 메뉴는 어디 있나요?,로그인은 우측 상단의 로그인 버튼을 이용부탁드립니다.
로그인 서비스를 어디서 이용할 수 있나요?,로그인은 우측 상단의 로그인 버튼을 이용부탁드립니다.
로그인 창을 열려면 어디로 가야 하나요?,로그인은 우측 상단의 로그인 버튼을 이용부탁드립니다.
로그인 페이지는 어떤 메뉴에 있나요?,로그인은 우측 상단의 로그인 버튼을 이용부탁드립니다.
계정에 접속하려면 무엇을 클릭해야 하나요?,로그인은 우측 상단의 로그인 버튼을 이용부탁드립니다.
로그인 메뉴는 어디에 있나요?,로그인은 우측 상단의 로그인 버튼을 이용부탁드립니다.
로그인을 시작하려면 어느 페이지로 가야 하나요?,로그인은 우측 상단의 로그인 버튼을 이용부탁드립니다.
로그인 버튼은 어디에서 찾을 수 있나요?,로그인은 우측 상단의 로그인 버튼을 이용부탁드립니다.
로그인 창은 어디로 들어가야 하나요?,로그인은 우측 상단의 로그인 버튼을 이용부탁드립니다.
로그인 메뉴 위치는 어디인가요?,로그인은 우측 상단의 로그인 버튼을 이용부탁드립니다.
로그인 페이지로 어떻게 접근하나요?,로그인은 우측 상단의 로그인 버튼을 이용부탁드립니다.
로그인은 어떤 페이지에서 가능한가요?,로그인은 우측 상단의 로그인 버튼을 이용부탁드립니다.
로그인 화면은 어떻게 열 수 있나요?,로그인은 우측 상단의 로그인 버튼을 이용부탁드립니다.
계정 로그인 창은 어디에 있나요?,로그인은 우측 상단의 로그인 버튼을 이용부탁드립니다.
로그인 작업을 하려면 어디로 가야 하나요?,로그인은 우측 상단의 로그인 버튼을 이용부탁드립니다.
로그인 버튼은 어느 화면에 있나요?,로그인은 우측 상단의 로그인 버튼을 이용부탁드립니다.
로그인 창을 찾으려면 어떻게 해야 하나요?,로그인은 우측 상단의 로그인 버튼을 이용부탁드립니다.
로그인 메뉴는 어떤 경로로 들어가야 하나요?,로그인은 우측 상단의 로그인 버튼을 이용부탁드립니다.
로그인하려면 무엇을 눌러야 하나요?,로그인은 우측 상단의 로그인 버튼을 이용부탁드립니다.
로그인은 어떤 메뉴 아래에 있나요?,로그인은 우측 상단의 로그인 버튼을 이용부탁드립니다.
계정을 입력하려면 어디로 들어가야 하나요?,로그인은 우측 상단의 로그인 버튼을 이용부탁드립니다.
로그인 페이지 위치는 어디인가요?,로그인은 우측 상단의 로그인 버튼을 이용부탁드립니다.
로그인 버튼은 어디에서 클릭할 수 있나요?,로그인은 우측 상단의 로그인 버튼을 이용부탁드립니다.
계정을 접속하려면 어느 페이지를 방문해야 하나요?,로그인은 우측 상단의 로그인 버튼을 이용부탁드립니다.
로그인 옵션은 어디에 위치해 있나요?,로그인은 우측 상단의 로그인 버튼을 이용부탁드립니다.
로그인 화면은 어디에서 열리나요?,로그인은 우측 상단의 로그인 버튼을 이용부탁드립니다.
로그인 메뉴를 어떻게 찾을 수 있나요?,로그인은 우측 상단의 로그인 버튼을 이용부탁드립니다.
계정 접속 방법은 어디에서 제공되나요?,로그인은 우측 상단의 로그인 버튼을 이용부탁드립니다.
로그인 페이지 링크는 어디 있나요?,로그인은 우측 상단의 로그인 버튼을 이용부탁드립니다.
로그인 시작 위치는 어디인가요?,로그인은 우측 상단의 로그인 버튼을 이용부탁드립니다.
로그인 창을 열려면 무엇을 클릭해야 하나요?,로그인은 우측 상단의 로그인 버튼을 이용부탁드립니다.
로그인 메뉴로 어떻게 이동하나요?,로그인은 우측 상단의 로그인 버튼을 이용부탁드립니다.
로그인 화면을 어디서 찾을 수 있나요?,로그인은 우측 상단의 로그인 버튼을 이용부탁드립니다.
로그인을 위한 메뉴는 어디에 있나요?,로그인은 우측 상단의 로그인 버튼을 이용부탁드립니다.
계정 접속을 시작하려면 어떻게 해야 하나요?,로그인은 우측 상단의 로그인 버튼을 이용부탁드립니다.
로그인 페이지는 어디로 이동해야 하나요?,로그인은 우측 상단의 로그인 버튼을 이용부탁드립니다.
로그인 버튼은 어디서 나타나나요?,로그인은 우측 상단의 로그인 버튼을 이용부탁드립니다.
로그인 메뉴는 어떤 화면에 있나요?,로그인은 우측 상단의 로그인 버튼을 이용부탁드립니다.
로그인 창은 어떻게 열 수 있나요?,로그인은 우측 상단의 로그인 버튼을 이용부탁드립니다.
로그인 절차를 시작하려면 어떤 메뉴를 선택해야 하나요?,로그인은 우측 상단의 로그인 버튼을 이용부탁드립니다.
로그인 작업을 하기 위해 어느 페이지로 가야 하나요?,로그인은 우측 상단의 로그인 버튼을 이용부탁드립니다.
로그인은 어떤 경로로 들어가야 하나요?,로그인은 우측 상단의 로그인 버튼을 이용부탁드립니다.
로그인 메뉴 위치를 알고 싶습니다.,로그인은 우측 상단의 로그인 버튼을 이용부탁드립니다.
로그인 화면으로 가려면 어떤 메뉴를 눌러야 하나요?,로그인은 우측 상단의 로그인 버튼을 이용부탁드립니다.
계정을 입력하려면 어디로 들어가야 하나요?,로그인은 우측 상단의 로그인 버튼을 이용부탁드립니다.
로그인 버튼은 어디서 확인할 수 있나요?,로그인은 우측 상단의 로그인 버튼을 이용부탁드립니다.
로그인 절차는 어디에서 진행되나요?,로그인은 우측 상단의 로그인 버튼을 이용부탁드립니다.
로그인 페이지는 어디로 접근하면 되나요?,로그인은 우측 상단의 로그인 버튼을 이용부탁드립니다.
로그인 창으로 이동하려면 어떻게 해야 하나요?,로그인은 우측 상단의 로그인 버튼을 이용부탁드립니다.
로그인 메뉴는 어디로 들어가야 하나요?,로그인은 우측 상단의 로그인 버튼을 이용부탁드립니다.
로그인 버튼이 위치한 화면은 어디인가요?,로그인은 우측 상단의 로그인 버튼을 이용부탁드립니다.
로그인 기능은 어떤 페이지에서 제공되나요?,로그인은 우측 상단의 로그인 버튼을 이용부탁드립니다.
로그인 작업은 어디서 시작할 수 있나요?,로그인은 우측 상단의 로그인 버튼을 이용부탁드립니다.
로그인 메뉴를 클릭하려면 어디로 가야 하나요?,로그인은 우측 상단의 로그인 버튼을 이용부탁드립니다.
로그인 창으로 접근하려면 무엇을 선택해야 하나요?,로그인은 우측 상단의 로그인 버튼을 이용부탁드립니다.
로그인 버튼은 어느 위치에 있나요?,로그인은 우측 상단의 로그인 버튼을 이용부탁드립니다.
로그인 절차는 어느 메뉴에서 진행되나요?,로그인은 우측 상단의 로그인 버튼을 이용부탁드립니다.
로그인 화면으로 이동하려면 무엇을 눌러야 하나요?,로그인은 우측 상단의 로그인 버튼을 이용부탁드립니다.
로그인 버튼은 어디에서 확인할 수 있나요?,로그인은 우측 상단의 로그인 버튼을 이용부탁드립니다.
계정 접속을 위한 화면은 어디에 있나요?,로그인은 우측 상단의 로그인 버튼을 이용부탁드립니다.
로그인 메뉴는 어떤 페이지에서 보이나요?,로그인은 우측 상단의 로그인 버튼을 이용부탁드립니다.
로그인 버튼이 위치한 메뉴는 어디인가요?,로그인은 우측 상단의 로그인 버튼을 이용부탁드립니다.
로그인 작업을 위해 무엇을 선택해야 하나요?,로그인은 우측 상단의 로그인 버튼을 이용부탁드립니다.
로그인 페이지로 가려면 어디로 가야 하나요?,로그인은 우측 상단의 로그인 버튼을 이용부탁드립니다.
로그인 창은 어떻게 열리나요?,로그인은 우측 상단의 로그인 버튼을 이용부탁드립니다.
로그인 메뉴는 어디에서 클릭할 수 있나요?,로그인은 우측 상단의 로그인 버튼을 이용부탁드립니다.
로그인 버튼이 나타나는 위치는 어디인가요?,로그인은 우측 상단의 로그인 버튼을 이용부탁드립니다.
로그인 페이지 링크는 어디에 있나요?,로그인은 우측 상단의 로그인 버튼을 이용부탁드립니다.
로그인 메뉴로 접근하려면 어디로 이동해야 하나요?,로그인은 우측 상단의 로그인 버튼을 이용부탁드립니다.
로그인 창은 어느 화면에 있나요?,로그인은 우측 상단의 로그인 버튼을 이용부탁드립니다.
로그인 메뉴는 어디에서 찾을 수 있나요?,로그인은 우측 상단의 로그인 버튼을 이용부탁드립니다.
로그인 절차는 어떤 메뉴 아래에서 시작하나요?,로그인은 우측 상단의 로그인 버튼을 이용부탁드립니다.
로그인 페이지는 어디에 위치해 있나요?,로그인은 우측 상단의 로그인 버튼을 이용부탁드립니다.
로그인 창으로 들어가려면 어떻게 해야 하나요?,로그인은 우측 상단의 로그인 버튼을 이용부탁드립니다.
로그인 버튼은 어디에서 누를 수 있나요?,로그인은 우측 상단의 로그인 버튼을 이용부탁드립니다.
로그인 메뉴는 어떤 경로에 있나요?,로그인은 우측 상단의 로그인 버튼을 이용부탁드립니다.
로그인 절차는 어떤 메뉴에서 시작되나요?,로그인은 우측 상단의 로그인 버튼을 이용부탁드립니다.
로그인 페이지로 들어가려면 어떤 메뉴를 클릭해야 하나요?,로그인은 우측 상단의 로그인 버튼을 이용부탁드립니다.
로그인 메뉴를 선택하려면 어디로 가야 하나요?,로그인은 우측 상단의 로그인 버튼을 이용부탁드립니다.
로그인 화면으로 가려면 어떤 경로를 따라가야 하나요?,로그인은 우측 상단의 로그인 버튼을 이용부탁드립니다.
어디서 진료예약을 진행할 수 있나요?,"상단의 검색창 또는 [병원검색], [예약하기] 탭을 이용하여 예약합니다.

- 검색창 이용시 
예약하고자 하는 병원명, 진료과목 등을 검색 > 병원 선택 후 의사 선택 > 해당 의사의 예약 가능 날짜 및 시간 선택 > 예약하기 

- [병원검색] 이용 시 
병원검색 > 예약하고자 하는 병원 검색 > 병원 선택 후 의사 선택 > 해당 의사의 예약 가능 날짜 및 시간 선택 > 예약하기 

- [예약하기] 이용 시 
병원찾기(주변 병원 검색) > 병원 선택 후 의사 선택 > 해당 의사의 예약 가능 날짜 및 시간 선택 > 예약하기 "
진료를 예약하려면 어떤 방법을 사용해야 하나요?,"상단의 검색창 또는 [병원검색], [예약하기] 탭을 이용하여 예약합니다.

- 검색창 이용시 
예약하고자 하는 병원명, 진료과목 등을 검색 > 병원 선택 후 의사 선택 > 해당 의사의 예약 가능 날짜 및 시간 선택 > 예약하기 

- [병원검색] 이용 시 
병원검색 > 예약하고자 하는 병원 검색 > 병원 선택 후 의사 선택 > 해당 의사의 예약 가능 날짜 및 시간 선택 > 예약하기 

- [예약하기] 이용 시 
병원찾기(주변 병원 검색) > 병원 선택 후 의사 선택 > 해당 의사의 예약 가능 날짜 및 시간 선택 > 예약하기 "
병원 예약은 어디에서 해야 하나요?,"상단의 검색창 또는 [병원검색], [예약하기] 탭을 이용하여 예약합니다.

- 검색창 이용시 
예약하고자 하는 병원명, 진료과목 등을 검색 > 병원 선택 후 의사 선택 > 해당 의사의 예약 가능 날짜 및 시간 선택 > 예약하기 

- [병원검색] 이용 시 
병원검색 > 예약하고자 하는 병원 검색 > 병원 선택 후 의사 선택 > 해당 의사의 예약 가능 날짜 및 시간 선택 > 예약하기 

- [예약하기] 이용 시 
병원찾기(주변 병원 검색) > 병원 선택 후 의사 선택 > 해당 의사의 예약 가능 날짜 및 시간 선택 > 예약하기 "
진료받으려면 어떻게 예약을 잡나요?,"상단의 검색창 또는 [병원검색], [예약하기] 탭을 이용하여 예약합니다.

- 검색창 이용시 
예약하고자 하는 병원명, 진료과목 등을 검색 > 병원 선택 후 의사 선택 > 해당 의사의 예약 가능 날짜 및 시간 선택 > 예약하기 

- [병원검색] 이용 시 
병원검색 > 예약하고자 하는 병원 검색 > 병원 선택 후 의사 선택 > 해당 의사의 예약 가능 날짜 및 시간 선택 > 예약하기 

- [예약하기] 이용 시 
병원찾기(주변 병원 검색) > 병원 선택 후 의사 선택 > 해당 의사의 예약 가능 날짜 및 시간 선택 > 예약하기 "
진료일정을 정하려면 어디로 가야 하나요?,"상단의 검색창 또는 [병원검색], [예약하기] 탭을 이용하여 예약합니다.

- 검색창 이용시 
예약하고자 하는 병원명, 진료과목 등을 검색 > 병원 선택 후 의사 선택 > 해당 의사의 예약 가능 날짜 및 시간 선택 > 예약하기 

- [병원검색] 이용 시 
병원검색 > 예약하고자 하는 병원 검색 > 병원 선택 후 의사 선택 > 해당 의사의 예약 가능 날짜 및 시간 선택 > 예약하기 

- [예약하기] 이용 시 
병원찾기(주변 병원 검색) > 병원 선택 후 의사 선택 > 해당 의사의 예약 가능 날짜 및 시간 선택 > 예약하기 "
병원 예약은 어떤 과정으로 진행되나요?,"상단의 검색창 또는 [병원검색], [예약하기] 탭을 이용하여 예약합니다.

- 검색창 이용시 
예약하고자 하는 병원명, 진료과목 등을 검색 > 병원 선택 후 의사 선택 > 해당 의사의 예약 가능 날짜 및 시간 선택 > 예약하기 

- [병원검색] 이용 시 
병원검색 > 예약하고자 하는 병원 검색 > 병원 선택 후 의사 선택 > 해당 의사의 예약 가능 날짜 및 시간 선택 > 예약하기 

- [예약하기] 이용 시 
병원찾기(주변 병원 검색) > 병원 선택 후 의사 선택 > 해당 의사의 예약 가능 날짜 및 시간 선택 > 예약하기 "
병원 방문 전에 예약을 어디서 하나요?,"병원 예약은 웹사이트에서 예약 가능하며, 예약 신청 승인 시 자동 접수됩니다. 병원 방문 시 데스크에 예약 사실을 알리는것을 권고합니다.

상단의 검색창 또는 [병원검색], [예약하기] 탭을 이용하여 예약합니다.

- 검색창 이용시 
예약하고자 하는 병원명, 진료과목 등을 검색 > 병원 선택 후 의사 선택 > 해당 의사의 예약 가능 날짜 및 시간 선택 > 예약하기 

- [병원검색] 이용 시 
병원검색 > 예약하고자 하는 병원 검색 > 병원 선택 후 의사 선택 > 해당 의사의 예약 가능 날짜 및 시간 선택 > 예약하기 

- [예약하기] 이용 시 
병원찾기(주변 병원 검색) > 병원 선택 후 의사 선택 > 해당 의사의 예약 가능 날짜 및 시간 선택 > 예약하기 "
진료를 위해 사전 예약은 어떻게 하나요?,"상단의 검색창 또는 [병원검색], [예약하기] 탭을 이용하여 예약합니다.

- 검색창 이용시 
예약하고자 하는 병원명, 진료과목 등을 검색 > 병원 선택 후 의사 선택 > 해당 의사의 예약 가능 날짜 및 시간 선택 > 예약하기 

- [병원검색] 이용 시 
병원검색 > 예약하고자 하는 병원 검색 > 병원 선택 후 의사 선택 > 해당 의사의 예약 가능 날짜 및 시간 선택 > 예약하기 

- [예약하기] 이용 시 
병원찾기(주변 병원 검색) > 병원 선택 후 의사 선택 > 해당 의사의 예약 가능 날짜 및 시간 선택 > 예약하기 "
예약은 어디서 할 수 있나요?,"상단의 검색창 또는 [병원검색], [예약하기] 탭을 이용하여 예약합니다.

- 검색창 이용시 
예약하고자 하는 병원명, 진료과목 등을 검색 > 병원 선택 후 의사 선택 > 해당 의사의 예약 가능 날짜 및 시간 선택 > 예약하기 

- [병원검색] 이용 시 
병원검색 > 예약하고자 하는 병원 검색 > 병원 선택 후 의사 선택 > 해당 의사의 예약 가능 날짜 및 시간 선택 > 예약하기 

- [예약하기] 이용 시 
병원찾기(주변 병원 검색) > 병원 선택 후 의사 선택 > 해당 의사의 예약 가능 날짜 및 시간 선택 > 예약하기 "
진료예약을 위해 어떤 절차가 필요한가요?,"상단의 검색창 또는 [병원검색], [예약하기] 탭을 이용하여 예약합니다.

- 검색창 이용시 
예약하고자 하는 병원명, 진료과목 등을 검색 > 병원 선택 후 의사 선택 > 해당 의사의 예약 가능 날짜 및 시간 선택 > 예약하기 

- [병원검색] 이용 시 
병원검색 > 예약하고자 하는 병원 검색 > 병원 선택 후 의사 선택 > 해당 의사의 예약 가능 날짜 및 시간 선택 > 예약하기 

- [예약하기] 이용 시 
병원찾기(주변 병원 검색) > 병원 선택 후 의사 선택 > 해당 의사의 예약 가능 날짜 및 시간 선택 > 예약하기 "
병원에서 진료를 예약하려면 어떻게 해야 하나요?,"상단의 검색창 또는 [병원검색], [예약하기] 탭을 이용하여 예약합니다.

- 검색창 이용시 
예약하고자 하는 병원명, 진료과목 등을 검색 > 병원 선택 후 의사 선택 > 해당 의사의 예약 가능 날짜 및 시간 선택 > 예약하기 

- [병원검색] 이용 시 
병원검색 > 예약하고자 하는 병원 검색 > 병원 선택 후 의사 선택 > 해당 의사의 예약 가능 날짜 및 시간 선택 > 예약하기 

- [예약하기] 이용 시 
병원찾기(주변 병원 검색) > 병원 선택 후 의사 선택 > 해당 의사의 예약 가능 날짜 및 시간 선택 > 예약하기 "
병원 예약 방법을 알려주시겠어요?,"상단의 검색창 또는 [병원검색], [예약하기] 탭을 이용하여 예약합니다.

- 검색창 이용시 
예약하고자 하는 병원명, 진료과목 등을 검색 > 병원 선택 후 의사 선택 > 해당 의사의 예약 가능 날짜 및 시간 선택 > 예약하기 

- [병원검색] 이용 시 
병원검색 > 예약하고자 하는 병원 검색 > 병원 선택 후 의사 선택 > 해당 의사의 예약 가능 날짜 및 시간 선택 > 예약하기 

- [예약하기] 이용 시 
병원찾기(주변 병원 검색) > 병원 선택 후 의사 선택 > 해당 의사의 예약 가능 날짜 및 시간 선택 > 예약하기 "
진료일정을 조율하려면 어디로 연락하면 되나요?,"진료일정 조율을 위해서는 해당 병원의 연락처로 문의 부탁드립니다.

상단의 검색창 또는 [병원검색], [예약하기] 탭을 이용하여 예약합니다.

- 검색창 이용시 
예약하고자 하는 병원명, 진료과목 등을 검색 > 병원 선택 후 의사 선택 > 해당 의사의 예약 가능 날짜 및 시간 선택 > 예약하기 

- [병원검색] 이용 시 
병원검색 > 예약하고자 하는 병원 검색 > 병원 선택 후 의사 선택 > 해당 의사의 예약 가능 날짜 및 시간 선택 > 예약하기 

- [예약하기] 이용 시 
병원찾기(주변 병원 검색) > 병원 선택 후 의사 선택 > 해당 의사의 예약 가능 날짜 및 시간 선택 > 예약하기 "
병원 예약 접수는 어디에서 받나요?,"의사 예약 승인 시 자동 접수되지만, 병원 방문 시 데스크에 예약 사실을 알리는것을 권고합니다.

상단의 검색창 또는 [병원검색], [예약하기] 탭을 이용하여 예약합니다.

- 검색창 이용시 
예약하고자 하는 병원명, 진료과목 등을 검색 > 병원 선택 후 의사 선택 > 해당 의사의 예약 가능 날짜 및 시간 선택 > 예약하기 

- [병원검색] 이용 시 
병원검색 > 예약하고자 하는 병원 검색 > 병원 선택 후 의사 선택 > 해당 의사의 예약 가능 날짜 및 시간 선택 > 예약하기 

- [예약하기] 이용 시 
병원찾기(주변 병원 검색) > 병원 선택 후 의사 선택 > 해당 의사의 예약 가능 날짜 및 시간 선택 > 예약하기 "
진료를 예약하려면 어떤 경로를 이용하면 되나요?,"상단의 검색창 또는 [병원검색], [예약하기] 탭을 이용하여 예약합니다.

- 검색창 이용시 
예약하고자 하는 병원명, 진료과목 등을 검색 > 병원 선택 후 의사 선택 > 해당 의사의 예약 가능 날짜 및 시간 선택 > 예약하기 

- [병원검색] 이용 시 
병원검색 > 예약하고자 하는 병원 검색 > 병원 선택 후 의사 선택 > 해당 의사의 예약 가능 날짜 및 시간 선택 > 예약하기 

- [예약하기] 이용 시 
병원찾기(주변 병원 검색) > 병원 선택 후 의사 선택 > 해당 의사의 예약 가능 날짜 및 시간 선택 > 예약하기 "
병원 예약 절차는 어떻게 되나요?,"상단의 검색창 또는 [병원검색], [예약하기] 탭을 이용하여 예약합니다.

- 검색창 이용시 
예약하고자 하는 병원명, 진료과목 등을 검색 > 병원 선택 후 의사 선택 > 해당 의사의 예약 가능 날짜 및 시간 선택 > 예약하기 

- [병원검색] 이용 시 
병원검색 > 예약하고자 하는 병원 검색 > 병원 선택 후 의사 선택 > 해당 의사의 예약 가능 날짜 및 시간 선택 > 예약하기 

- [예약하기] 이용 시 
병원찾기(주변 병원 검색) > 병원 선택 후 의사 선택 > 해당 의사의 예약 가능 날짜 및 시간 선택 > 예약하기 "
진료를 미리 잡으려면 어떻게 해야 하나요?,"상단의 검색창 또는 [병원검색], [예약하기] 탭을 이용하여 예약합니다.

- 검색창 이용시 
예약하고자 하는 병원명, 진료과목 등을 검색 > 병원 선택 후 의사 선택 > 해당 의사의 예약 가능 날짜 및 시간 선택 > 예약하기 

- [병원검색] 이용 시 
병원검색 > 예약하고자 하는 병원 검색 > 병원 선택 후 의사 선택 > 해당 의사의 예약 가능 날짜 및 시간 선택 > 예약하기 

- [예약하기] 이용 시 
병원찾기(주변 병원 검색) > 병원 선택 후 의사 선택 > 해당 의사의 예약 가능 날짜 및 시간 선택 > 예약하기 "
병원에서 진료일정을 예약하려면 어떻게 진행하나요?,"상단의 검색창 또는 [병원검색], [예약하기] 탭을 이용하여 예약합니다.

- 검색창 이용시 
예약하고자 하는 병원명, 진료과목 등을 검색 > 병원 선택 후 의사 선택 > 해당 의사의 예약 가능 날짜 및 시간 선택 > 예약하기 

- [병원검색] 이용 시 
병원검색 > 예약하고자 하는 병원 검색 > 병원 선택 후 의사 선택 > 해당 의사의 예약 가능 날짜 및 시간 선택 > 예약하기 

- [예약하기] 이용 시 
병원찾기(주변 병원 검색) > 병원 선택 후 의사 선택 > 해당 의사의 예약 가능 날짜 및 시간 선택 > 예약하기 "
진료예약 방법에 대해 알려주세요.,"상단의 검색창 또는 [병원검색], [예약하기] 탭을 이용하여 예약합니다.

- 검색창 이용시 
예약하고자 하는 병원명, 진료과목 등을 검색 > 병원 선택 후 의사 선택 > 해당 의사의 예약 가능 날짜 및 시간 선택 > 예약하기 

- [병원검색] 이용 시 
병원검색 > 예약하고자 하는 병원 검색 > 병원 선택 후 의사 선택 > 해당 의사의 예약 가능 날짜 및 시간 선택 > 예약하기 

- [예약하기] 이용 시 
병원찾기(주변 병원 검색) > 병원 선택 후 의사 선택 > 해당 의사의 예약 가능 날짜 및 시간 선택 > 예약하기 "
병원 예약은 어디서 시작해야 하나요?,"상단의 검색창 또는 [병원검색], [예약하기] 탭을 이용하여 예약합니다.

- 검색창 이용시 
예약하고자 하는 병원명, 진료과목 등을 검색 > 병원 선택 후 의사 선택 > 해당 의사의 예약 가능 날짜 및 시간 선택 > 예약하기 

- [병원검색] 이용 시 
병원검색 > 예약하고자 하는 병원 검색 > 병원 선택 후 의사 선택 > 해당 의사의 예약 가능 날짜 및 시간 선택 > 예약하기 

- [예약하기] 이용 시 
병원찾기(주변 병원 검색) > 병원 선택 후 의사 선택 > 해당 의사의 예약 가능 날짜 및 시간 선택 > 예약하기 "
병원에서 진료를 받으려면 어떻게 예약하면 되나요?,"상단의 검색창 또는 [병원검색], [예약하기] 탭을 이용하여 예약합니다.

- 검색창 이용시 
예약하고자 하는 병원명, 진료과목 등을 검색 > 병원 선택 후 의사 선택 > 해당 의사의 예약 가능 날짜 및 시간 선택 > 예약하기 

- [병원검색] 이용 시 
병원검색 > 예약하고자 하는 병원 검색 > 병원 선택 후 의사 선택 > 해당 의사의 예약 가능 날짜 및 시간 선택 > 예약하기 

- [예약하기] 이용 시 
병원찾기(주변 병원 검색) > 병원 선택 후 의사 선택 > 해당 의사의 예약 가능 날짜 및 시간 선택 > 예약하기 "
진료를 받기 위한 예약은 어떻게 하면 되나요?,"상단의 검색창 또는 [병원검색], [예약하기] 탭을 이용하여 예약합니다.

- 검색창 이용시 
예약하고자 하는 병원명, 진료과목 등을 검색 > 병원 선택 후 의사 선택 > 해당 의사의 예약 가능 날짜 및 시간 선택 > 예약하기 

- [병원검색] 이용 시 
병원검색 > 예약하고자 하는 병원 검색 > 병원 선택 후 의사 선택 > 해당 의사의 예약 가능 날짜 및 시간 선택 > 예약하기 

- [예약하기] 이용 시 
병원찾기(주변 병원 검색) > 병원 선택 후 의사 선택 > 해당 의사의 예약 가능 날짜 및 시간 선택 > 예약하기 "
병원 예약 서비스는 어디에서 이용할 수 있나요?,"상단의 검색창 또는 [병원검색], [예약하기] 탭을 이용하여 예약합니다.

- 검색창 이용시 
예약하고자 하는 병원명, 진료과목 등을 검색 > 병원 선택 후 의사 선택 > 해당 의사의 예약 가능 날짜 및 시간 선택 > 예약하기 

- [병원검색] 이용 시 
병원검색 > 예약하고자 하는 병원 검색 > 병원 선택 후 의사 선택 > 해당 의사의 예약 가능 날짜 및 시간 선택 > 예약하기 

- [예약하기] 이용 시 
병원찾기(주변 병원 검색) > 병원 선택 후 의사 선택 > 해당 의사의 예약 가능 날짜 및 시간 선택 > 예약하기 "
예약하려면 병원에 직접 가야 하나요?,"병원 방문 없이 저희 ""Asklepios""를 활용한 진료 예약이 가능합니다.

상단의 검색창 또는 [병원검색], [예약하기] 탭을 이용하여 예약합니다.

- 검색창 이용시 
예약하고자 하는 병원명, 진료과목 등을 검색 > 병원 선택 후 의사 선택 > 해당 의사의 예약 가능 날짜 및 시간 선택 > 예약하기 

- [병원검색] 이용 시 
병원검색 > 예약하고자 하는 병원 검색 > 병원 선택 후 의사 선택 > 해당 의사의 예약 가능 날짜 및 시간 선택 > 예약하기 

- [예약하기] 이용 시 
병원찾기(주변 병원 검색) > 병원 선택 후 의사 선택 > 해당 의사의 예약 가능 날짜 및 시간 선택 > 예약하기 "
병원 예약 문의는 어디로 하면 되나요?,"병원 예약과 관련한 문의사항은 하단 상담사 연락처 또는 해당 병원 연락처로 문의 부탁드립니다.

상단의 검색창 또는 [병원검색], [예약하기] 탭을 이용하여 예약합니다.

- 검색창 이용시 
예약하고자 하는 병원명, 진료과목 등을 검색 > 병원 선택 후 의사 선택 > 해당 의사의 예약 가능 날짜 및 시간 선택 > 예약하기 

- [병원검색] 이용 시 
병원검색 > 예약하고자 하는 병원 검색 > 병원 선택 후 의사 선택 > 해당 의사의 예약 가능 날짜 및 시간 선택 > 예약하기 

- [예약하기] 이용 시 
병원찾기(주변 병원 검색) > 병원 선택 후 의사 선택 > 해당 의사의 예약 가능 날짜 및 시간 선택 > 예약하기 "
진료를 예약하려면 어느 부서를 찾아야 하나요?,"별도의 부서는 존재하지 않습니다. 예약 관련 문의를 하고자 하실 경우, 하단의 상담사 연락처 또는 해당 병원 연락처로 연락바랍니다.

상단의 검색창 또는 [병원검색], [예약하기] 탭을 이용하여 예약합니다.

- 검색창 이용시 
예약하고자 하는 병원명, 진료과목 등을 검색 > 병원 선택 후 의사 선택 > 해당 의사의 예약 가능 날짜 및 시간 선택 > 예약하기 

- [병원검색] 이용 시 
병원검색 > 예약하고자 하는 병원 검색 > 병원 선택 후 의사 선택 > 해당 의사의 예약 가능 날짜 및 시간 선택 > 예약하기 

- [예약하기] 이용 시 
병원찾기(주변 병원 검색) > 병원 선택 후 의사 선택 > 해당 의사의 예약 가능 날짜 및 시간 선택 > 예약하기 "
병원 예약은 인터넷으로 가능한가요?,"상단의 검색창 또는 [병원검색], [예약하기] 탭을 이용하여 예약합니다.

- 검색창 이용시 
예약하고자 하는 병원명, 진료과목 등을 검색 > 병원 선택 후 의사 선택 > 해당 의사의 예약 가능 날짜 및 시간 선택 > 예약하기 

- [병원검색] 이용 시 
병원검색 > 예약하고자 하는 병원 검색 > 병원 선택 후 의사 선택 > 해당 의사의 예약 가능 날짜 및 시간 선택 > 예약하기 

- [예약하기] 이용 시 
병원찾기(주변 병원 검색) > 병원 선택 후 의사 선택 > 해당 의사의 예약 가능 날짜 및 시간 선택 > 예약하기 "
예약 문의는 병원 내 어느 곳에서 하나요?,"병원 수납처에서도 예약 가능하지만, 저희 ""Asklepios""를 이용하여 온라인 예약도 가능합니다.

상단의 검색창 또는 [병원검색], [예약하기] 탭을 이용하여 예약합니다.

- 검색창 이용시 
예약하고자 하는 병원명, 진료과목 등을 검색 > 병원 선택 후 의사 선택 > 해당 의사의 예약 가능 날짜 및 시간 선택 > 예약하기 

- [병원검색] 이용 시 
병원검색 > 예약하고자 하는 병원 검색 > 병원 선택 후 의사 선택 > 해당 의사의 예약 가능 날짜 및 시간 선택 > 예약하기 

- [예약하기] 이용 시 
병원찾기(주변 병원 검색) > 병원 선택 후 의사 선택 > 해당 의사의 예약 가능 날짜 및 시간 선택 > 예약하기 "
병원 예약 관련 정보를 어디서 확인할 수 있나요?,"병원 예약 현황은 [마이페이지] > [예약현황] 에서 확인 가능하며, 예약은 아래 순서에 따라 진행됩니다.

상단의 검색창 또는 [병원검색], [예약하기] 탭을 이용하여 예약합니다.

- 검색창 이용시 
예약하고자 하는 병원명, 진료과목 등을 검색 > 병원 선택 후 의사 선택 > 해당 의사의 예약 가능 날짜 및 시간 선택 > 예약하기 

- [병원검색] 이용 시 
병원검색 > 예약하고자 하는 병원 검색 > 병원 선택 후 의사 선택 > 해당 의사의 예약 가능 날짜 및 시간 선택 > 예약하기 

- [예약하기] 이용 시 
병원찾기(주변 병원 검색) > 병원 선택 후 의사 선택 > 해당 의사의 예약 가능 날짜 및 시간 선택 > 예약하기 "
진료를 미리 예약하려면 어떤 단계를 거쳐야 하나요?,"상단의 검색창 또는 [병원검색], [예약하기] 탭을 이용하여 예약합니다.

- 검색창 이용시 
예약하고자 하는 병원명, 진료과목 등을 검색 > 병원 선택 후 의사 선택 > 해당 의사의 예약 가능 날짜 및 시간 선택 > 예약하기 

- [병원검색] 이용 시 
병원검색 > 예약하고자 하는 병원 검색 > 병원 선택 후 의사 선택 > 해당 의사의 예약 가능 날짜 및 시간 선택 > 예약하기 

- [예약하기] 이용 시 
병원찾기(주변 병원 검색) > 병원 선택 후 의사 선택 > 해당 의사의 예약 가능 날짜 및 시간 선택 > 예약하기 "
진료예약 페이지는 병원 웹사이트에서 어떻게 찾나요?,"병원 웹사이트를 이용할 경우 병원마다 상이하기때문에 해당 병원으로 직접 문의 바랍니다.
저희 ""Asklepios""를 이용해 온라인 예약도 가능하니 많은 이용 부탁드립니다.

상단의 검색창 또는 [병원검색], [예약하기] 탭을 이용하여 예약합니다.

- 검색창 이용시 
예약하고자 하는 병원명, 진료과목 등을 검색 > 병원 선택 후 의사 선택 > 해당 의사의 예약 가능 날짜 및 시간 선택 > 예약하기 

- [병원검색] 이용 시 
병원검색 > 예약하고자 하는 병원 검색 > 병원 선택 후 의사 선택 > 해당 의사의 예약 가능 날짜 및 시간 선택 > 예약하기 

- [예약하기] 이용 시 
병원찾기(주변 병원 검색) > 병원 선택 후 의사 선택 > 해당 의사의 예약 가능 날짜 및 시간 선택 > 예약하기 "
병원 예약 접수처는 어디에 있나요?,"방문 예약 시, 병원 수납처에서 예약 가능하며 저희 ""Asklepios""를 이용하시면 집에서도 편하게 예약 가능합니다.

상단의 검색창 또는 [병원검색], [예약하기] 탭을 이용하여 예약합니다.

- 검색창 이용시 
예약하고자 하는 병원명, 진료과목 등을 검색 > 병원 선택 후 의사 선택 > 해당 의사의 예약 가능 날짜 및 시간 선택 > 예약하기 

- [병원검색] 이용 시 
병원검색 > 예약하고자 하는 병원 검색 > 병원 선택 후 의사 선택 > 해당 의사의 예약 가능 날짜 및 시간 선택 > 예약하기 

- [예약하기] 이용 시 
병원찾기(주변 병원 검색) > 병원 선택 후 의사 선택 > 해당 의사의 예약 가능 날짜 및 시간 선택 > 예약하기 "
진료를 예약하려면 어떤 절차가 필요한지 알려주세요.,"상단의 검색창 또는 [병원검색], [예약하기] 탭을 이용하여 예약합니다.

- 검색창 이용시 
예약하고자 하는 병원명, 진료과목 등을 검색 > 병원 선택 후 의사 선택 > 해당 의사의 예약 가능 날짜 및 시간 선택 > 예약하기 

- [병원검색] 이용 시 
병원검색 > 예약하고자 하는 병원 검색 > 병원 선택 후 의사 선택 > 해당 의사의 예약 가능 날짜 및 시간 선택 > 예약하기 

- [예약하기] 이용 시 
병원찾기(주변 병원 검색) > 병원 선택 후 의사 선택 > 해당 의사의 예약 가능 날짜 및 시간 선택 > 예약하기 "
병원 예약을 위해 온라인 시스템을 이용할 수 있나요?,"상단의 검색창 또는 [병원검색], [예약하기] 탭을 이용하여 예약합니다.

- 검색창 이용시 
예약하고자 하는 병원명, 진료과목 등을 검색 > 병원 선택 후 의사 선택 > 해당 의사의 예약 가능 날짜 및 시간 선택 > 예약하기 

- [병원검색] 이용 시 
병원검색 > 예약하고자 하는 병원 검색 > 병원 선택 후 의사 선택 > 해당 의사의 예약 가능 날짜 및 시간 선택 > 예약하기 

- [예약하기] 이용 시 
병원찾기(주변 병원 검색) > 병원 선택 후 의사 선택 > 해당 의사의 예약 가능 날짜 및 시간 선택 > 예약하기 "
진료 예약 문의는 전화로 가능한가요?,"병원 예약관련 전화 문의 시, 하단의 상담사 연락처 또는 해당 병원 연락처로 문의 부탁드립니다.

상단의 검색창 또는 [병원검색], [예약하기] 탭을 이용하여 예약합니다.

- 검색창 이용시 
예약하고자 하는 병원명, 진료과목 등을 검색 > 병원 선택 후 의사 선택 > 해당 의사의 예약 가능 날짜 및 시간 선택 > 예약하기 

- [병원검색] 이용 시 
병원검색 > 예약하고자 하는 병원 검색 > 병원 선택 후 의사 선택 > 해당 의사의 예약 가능 날짜 및 시간 선택 > 예약하기 

- [예약하기] 이용 시 
병원찾기(주변 병원 검색) > 병원 선택 후 의사 선택 > 해당 의사의 예약 가능 날짜 및 시간 선택 > 예약하기 "
병원 방문 전에 예약을 할 수 있는 방법은 무엇인가요?,"상단의 검색창 또는 [병원검색], [예약하기] 탭을 이용하여 예약합니다.

- 검색창 이용시 
예약하고자 하는 병원명, 진료과목 등을 검색 > 병원 선택 후 의사 선택 > 해당 의사의 예약 가능 날짜 및 시간 선택 > 예약하기 

- [병원검색] 이용 시 
병원검색 > 예약하고자 하는 병원 검색 > 병원 선택 후 의사 선택 > 해당 의사의 예약 가능 날짜 및 시간 선택 > 예약하기 

- [예약하기] 이용 시 
병원찾기(주변 병원 검색) > 병원 선택 후 의사 선택 > 해당 의사의 예약 가능 날짜 및 시간 선택 > 예약하기 "
진료 예약을 하려면 어떤 경로를 통해 접근해야 하나요?,"상단의 검색창 또는 [병원검색], [예약하기] 탭을 이용하여 예약합니다.

- 검색창 이용시 
예약하고자 하는 병원명, 진료과목 등을 검색 > 병원 선택 후 의사 선택 > 해당 의사의 예약 가능 날짜 및 시간 선택 > 예약하기 

- [병원검색] 이용 시 
병원검색 > 예약하고자 하는 병원 검색 > 병원 선택 후 의사 선택 > 해당 의사의 예약 가능 날짜 및 시간 선택 > 예약하기 

- [예약하기] 이용 시 
병원찾기(주변 병원 검색) > 병원 선택 후 의사 선택 > 해당 의사의 예약 가능 날짜 및 시간 선택 > 예약하기 "
병원 예약은 현장에서도 할 수 있나요?,"병원 방문 예약 시, 병원 수납처를 이용 부탁드립니다.
(병원마다 현장 예약관련 규정은 상이함으로, 방문 전 전화로 문의하는것을 권고합니다.)

상단의 검색창 또는 [병원검색], [예약하기] 탭을 이용하여 예약합니다.

- 검색창 이용시 
예약하고자 하는 병원명, 진료과목 등을 검색 > 병원 선택 후 의사 선택 > 해당 의사의 예약 가능 날짜 및 시간 선택 > 예약하기 

- [병원검색] 이용 시 
병원검색 > 예약하고자 하는 병원 검색 > 병원 선택 후 의사 선택 > 해당 의사의 예약 가능 날짜 및 시간 선택 > 예약하기 

- [예약하기] 이용 시 
병원찾기(주변 병원 검색) > 병원 선택 후 의사 선택 > 해당 의사의 예약 가능 날짜 및 시간 선택 > 예약하기 "
병원에서 진료를 예약하려면 구체적으로 어떻게 하면 되나요?,"병원 방문 예약 시, 병원 수납처를 이용 부탁드립니다.
(병원마다 절차가 상이함으로, 방문 전 해당 병원 연락처로 문의하는것을 권고합니다.)

상단의 검색창 또는 [병원검색], [예약하기] 탭을 이용하여 예약합니다.

- 검색창 이용시 
예약하고자 하는 병원명, 진료과목 등을 검색 > 병원 선택 후 의사 선택 > 해당 의사의 예약 가능 날짜 및 시간 선택 > 예약하기 

- [병원검색] 이용 시 
병원검색 > 예약하고자 하는 병원 검색 > 병원 선택 후 의사 선택 > 해당 의사의 예약 가능 날짜 및 시간 선택 > 예약하기 

- [예약하기] 이용 시 
병원찾기(주변 병원 검색) > 병원 선택 후 의사 선택 > 해당 의사의 예약 가능 날짜 및 시간 선택 > 예약하기 "
진료 예약은 병원에 전화로 문의하면 되나요?,"저희 ""Asklepios""를 이용하시면, 전화 문의없이 온라인으로 예약 가능합니다.

상단의 검색창 또는 [병원검색], [예약하기] 탭을 이용하여 예약합니다.

- 검색창 이용시 
예약하고자 하는 병원명, 진료과목 등을 검색 > 병원 선택 후 의사 선택 > 해당 의사의 예약 가능 날짜 및 시간 선택 > 예약하기 

- [병원검색] 이용 시 
병원검색 > 예약하고자 하는 병원 검색 > 병원 선택 후 의사 선택 > 해당 의사의 예약 가능 날짜 및 시간 선택 > 예약하기 

- [예약하기] 이용 시 
병원찾기(주변 병원 검색) > 병원 선택 후 의사 선택 > 해당 의사의 예약 가능 날짜 및 시간 선택 > 예약하기 "
진료일정을 정하기 위해 병원에 연락해야 하나요?,"별도의 연락은 필요하지 않습니다. 저희 ""Asklepios""에서 온라인 예약 진행 시 일정을 선택하여 예약이 가능합니다.

상단의 검색창 또는 [병원검색], [예약하기] 탭을 이용하여 예약합니다.

- 검색창 이용시 
예약하고자 하는 병원명, 진료과목 등을 검색 > 병원 선택 후 의사 선택 > 해당 의사의 예약 가능 날짜 및 시간 선택 > 예약하기 

- [병원검색] 이용 시 
병원검색 > 예약하고자 하는 병원 검색 > 병원 선택 후 의사 선택 > 해당 의사의 예약 가능 날짜 및 시간 선택 > 예약하기 

- [예약하기] 이용 시 
병원찾기(주변 병원 검색) > 병원 선택 후 의사 선택 > 해당 의사의 예약 가능 날짜 및 시간 선택 > 예약하기 "
병원 예약 시스템은 어떻게 이용하면 되나요?,"상단의 검색창 또는 [병원검색], [예약하기] 탭을 이용하여 예약합니다.

- 검색창 이용시 
예약하고자 하는 병원명, 진료과목 등을 검색 > 병원 선택 후 의사 선택 > 해당 의사의 예약 가능 날짜 및 시간 선택 > 예약하기 

- [병원검색] 이용 시 
병원검색 > 예약하고자 하는 병원 검색 > 병원 선택 후 의사 선택 > 해당 의사의 예약 가능 날짜 및 시간 선택 > 예약하기 

- [예약하기] 이용 시 
병원찾기(주변 병원 검색) > 병원 선택 후 의사 선택 > 해당 의사의 예약 가능 날짜 및 시간 선택 > 예약하기 "
병원 예약을 위해 필요한 서류가 있나요?,"별도의 서류는 필요하지 않습니다. 하지만, 일부 서류가 필요한 진료가 있을 수도 있으니 정확한 내용은 병원 연락처로 문의 부탁드립니다.

상단의 검색창 또는 [병원검색], [예약하기] 탭을 이용하여 예약합니다.

- 검색창 이용시 
예약하고자 하는 병원명, 진료과목 등을 검색 > 병원 선택 후 의사 선택 > 해당 의사의 예약 가능 날짜 및 시간 선택 > 예약하기 

- [병원검색] 이용 시 
병원검색 > 예약하고자 하는 병원 검색 > 병원 선택 후 의사 선택 > 해당 의사의 예약 가능 날짜 및 시간 선택 > 예약하기 

- [예약하기] 이용 시 
병원찾기(주변 병원 검색) > 병원 선택 후 의사 선택 > 해당 의사의 예약 가능 날짜 및 시간 선택 > 예약하기 "
병원 예약을 시작하려면 어디로 가야 하나요?,"상단의 검색창 또는 [병원검색], [예약하기] 탭을 이용하여 예약합니다.

- 검색창 이용시 
예약하고자 하는 병원명, 진료과목 등을 검색 > 병원 선택 후 의사 선택 > 해당 의사의 예약 가능 날짜 및 시간 선택 > 예약하기 

- [병원검색] 이용 시 
병원검색 > 예약하고자 하는 병원 검색 > 병원 선택 후 의사 선택 > 해당 의사의 예약 가능 날짜 및 시간 선택 > 예약하기 

- [예약하기] 이용 시 
병원찾기(주변 병원 검색) > 병원 선택 후 의사 선택 > 해당 의사의 예약 가능 날짜 및 시간 선택 > 예약하기 "
진료예약 시스템은 병원 웹사이트에서 어떻게 찾을 수 있나요?,"병원마다 시스템이 상이해 답변드리기 어렵습니다. 관련 사항은 해당 병원 연락처로 문의 부탁드립니다.
저희 ""Asklepios""를 이용하실 경우 아래 방법에 따라 예약 부탁드립니다.

상단의 검색창 또는 [병원검색], [예약하기] 탭을 이용하여 예약합니다.

- 검색창 이용시 
예약하고자 하는 병원명, 진료과목 등을 검색 > 병원 선택 후 의사 선택 > 해당 의사의 예약 가능 날짜 및 시간 선택 > 예약하기 

- [병원검색] 이용 시 
병원검색 > 예약하고자 하는 병원 검색 > 병원 선택 후 의사 선택 > 해당 의사의 예약 가능 날짜 및 시간 선택 > 예약하기 

- [예약하기] 이용 시 
병원찾기(주변 병원 검색) > 병원 선택 후 의사 선택 > 해당 의사의 예약 가능 날짜 및 시간 선택 > 예약하기 "
병원 예약을 위해 온라인 절차를 밟아야 하나요?,"저희 ""Asklepios""를 이용하지 않더라도, 병원 방문 예약, 전화 문의 예약 등을 이용하실 수 있습니다.
- 병원 방문 시 > 수납처 
- 전화 문의 시 > 해당 병원 연락처 이용

상단의 검색창 또는 [병원검색], [예약하기] 탭을 이용하여 예약합니다.

- 검색창 이용시 
예약하고자 하는 병원명, 진료과목 등을 검색 > 병원 선택 후 의사 선택 > 해당 의사의 예약 가능 날짜 및 시간 선택 > 예약하기 

- [병원검색] 이용 시 
병원검색 > 예약하고자 하는 병원 검색 > 병원 선택 후 의사 선택 > 해당 의사의 예약 가능 날짜 및 시간 선택 > 예약하기 

- [예약하기] 이용 시 
병원찾기(주변 병원 검색) > 병원 선택 후 의사 선택 > 해당 의사의 예약 가능 날짜 및 시간 선택 > 예약하기 "
병원에서 진료일정을 예약하려면 어디로 가야 하나요?,"병원 방문 예약 시 수납처를 이용 부탁드립니다.

저희 ""Asklepios""를 이용하실 경우 일정도 함께 예약하실 수 있습니다.
많은 이용 부탁드립니다.

상단의 검색창 또는 [병원검색], [예약하기] 탭을 이용하여 예약합니다.

- 검색창 이용시 
예약하고자 하는 병원명, 진료과목 등을 검색 > 병원 선택 후 의사 선택 > 해당 의사의 예약 가능 날짜 및 시간 선택 > 예약하기 

- [병원검색] 이용 시 
병원검색 > 예약하고자 하는 병원 검색 > 병원 선택 후 의사 선택 > 해당 의사의 예약 가능 날짜 및 시간 선택 > 예약하기 

- [예약하기] 이용 시 
병원찾기(주변 병원 검색) > 병원 선택 후 의사 선택 > 해당 의사의 예약 가능 날짜 및 시간 선택 > 예약하기 "
예약 절차는 병원에서 직접 안내받을 수 있나요?,"저희 ""Asklepios""에서 온라인 예약이 가능하며, 방문 예약 시 수납처를 이용하시기 바랍니다.

상단의 검색창 또는 [병원검색], [예약하기] 탭을 이용하여 예약합니다.

- 검색창 이용시 
예약하고자 하는 병원명, 진료과목 등을 검색 > 병원 선택 후 의사 선택 > 해당 의사의 예약 가능 날짜 및 시간 선택 > 예약하기 

- [병원검색] 이용 시 
병원검색 > 예약하고자 하는 병원 검색 > 병원 선택 후 의사 선택 > 해당 의사의 예약 가능 날짜 및 시간 선택 > 예약하기 

- [예약하기] 이용 시 
병원찾기(주변 병원 검색) > 병원 선택 후 의사 선택 > 해당 의사의 예약 가능 날짜 및 시간 선택 > 예약하기 "
병원 예약 접수는 언제 가능한가요?,"저희 ""Asklepios""는 1년 365일 24시간 이용가능하며, 언제든지 예약이 가능합니다. 다만, 예약 승인의 경우 병원 운영 시간에 이루어지므로 참고 부탁드립니다.

상단의 검색창 또는 [병원검색], [예약하기] 탭을 이용하여 예약합니다.

- 검색창 이용시 
예약하고자 하는 병원명, 진료과목 등을 검색 > 병원 선택 후 의사 선택 > 해당 의사의 예약 가능 날짜 및 시간 선택 > 예약하기 

- [병원검색] 이용 시 
병원검색 > 예약하고자 하는 병원 검색 > 병원 선택 후 의사 선택 > 해당 의사의 예약 가능 날짜 및 시간 선택 > 예약하기 

- [예약하기] 이용 시 
병원찾기(주변 병원 검색) > 병원 선택 후 의사 선택 > 해당 의사의 예약 가능 날짜 및 시간 선택 > 예약하기 "
병원 예약을 위해서는 어떤 경로를 사용하면 되나요?,"상단의 검색창 또는 [병원검색], [예약하기] 탭을 이용하여 예약합니다.

- 검색창 이용시 
예약하고자 하는 병원명, 진료과목 등을 검색 > 병원 선택 후 의사 선택 > 해당 의사의 예약 가능 날짜 및 시간 선택 > 예약하기 

- [병원검색] 이용 시 
병원검색 > 예약하고자 하는 병원 검색 > 병원 선택 후 의사 선택 > 해당 의사의 예약 가능 날짜 및 시간 선택 > 예약하기 

- [예약하기] 이용 시 
병원찾기(주변 병원 검색) > 병원 선택 후 의사 선택 > 해당 의사의 예약 가능 날짜 및 시간 선택 > 예약하기 "
병원 예약은 홈페이지에서 바로 할 수 있나요?,"상단의 검색창 또는 [병원검색], [예약하기] 탭을 이용하여 예약합니다.

- 검색창 이용시 
예약하고자 하는 병원명, 진료과목 등을 검색 > 병원 선택 후 의사 선택 > 해당 의사의 예약 가능 날짜 및 시간 선택 > 예약하기 

- [병원검색] 이용 시 
병원검색 > 예약하고자 하는 병원 검색 > 병원 선택 후 의사 선택 > 해당 의사의 예약 가능 날짜 및 시간 선택 > 예약하기 

- [예약하기] 이용 시 
병원찾기(주변 병원 검색) > 병원 선택 후 의사 선택 > 해당 의사의 예약 가능 날짜 및 시간 선택 > 예약하기 "
진료 예약 방법은 무엇인가요?,"상단의 검색창 또는 [병원검색], [예약하기] 탭을 이용하여 예약합니다.

- 검색창 이용시 
예약하고자 하는 병원명, 진료과목 등을 검색 > 병원 선택 후 의사 선택 > 해당 의사의 예약 가능 날짜 및 시간 선택 > 예약하기 

- [병원검색] 이용 시 
병원검색 > 예약하고자 하는 병원 검색 > 병원 선택 후 의사 선택 > 해당 의사의 예약 가능 날짜 및 시간 선택 > 예약하기 

- [예약하기] 이용 시 
병원찾기(주변 병원 검색) > 병원 선택 후 의사 선택 > 해당 의사의 예약 가능 날짜 및 시간 선택 > 예약하기 "
병원 예약은 어디로 연락하면 되나요?,"저희 ""Asklepios""를 이용하시면 온라인 예약이 가능합니다. 전화로 예약을 원하시는 경우, 해당 병원 연락처로 문의 부탁드립니다.

상단의 검색창 또는 [병원검색], [예약하기] 탭을 이용하여 예약합니다.

- 검색창 이용시 
예약하고자 하는 병원명, 진료과목 등을 검색 > 병원 선택 후 의사 선택 > 해당 의사의 예약 가능 날짜 및 시간 선택 > 예약하기 

- [병원검색] 이용 시 
병원검색 > 예약하고자 하는 병원 검색 > 병원 선택 후 의사 선택 > 해당 의사의 예약 가능 날짜 및 시간 선택 > 예약하기 

- [예약하기] 이용 시 
병원찾기(주변 병원 검색) > 병원 선택 후 의사 선택 > 해당 의사의 예약 가능 날짜 및 시간 선택 > 예약하기 "
진료 예약을 위해 어디로 전화해야 하나요?,"저희 ""Asklepios""를 이용하시면 온라인 예약이 가능합니다. 전화로 예약을 원하시는 경우, 해당 병원 연락처로 문의 부탁드립니다.

상단의 검색창 또는 [병원검색], [예약하기] 탭을 이용하여 예약합니다.

- 검색창 이용시 
예약하고자 하는 병원명, 진료과목 등을 검색 > 병원 선택 후 의사 선택 > 해당 의사의 예약 가능 날짜 및 시간 선택 > 예약하기 

- [병원검색] 이용 시 
병원검색 > 예약하고자 하는 병원 검색 > 병원 선택 후 의사 선택 > 해당 의사의 예약 가능 날짜 및 시간 선택 > 예약하기 

- [예약하기] 이용 시 
병원찾기(주변 병원 검색) > 병원 선택 후 의사 선택 > 해당 의사의 예약 가능 날짜 및 시간 선택 > 예약하기 "
병원 예약은 인터넷 외에 다른 방법이 있나요?,"저희 ""Asklepios""를 이용하지 않더라도, 병원 방문 예약, 전화 문의 예약 등을 이용하실 수 있습니다.
- 병원 방문 시 > 수납처 
- 전화 문의 시 > 해당 병원 연락처 이용

상단의 검색창 또는 [병원검색], [예약하기] 탭을 이용하여 예약합니다.

- 검색창 이용시 
예약하고자 하는 병원명, 진료과목 등을 검색 > 병원 선택 후 의사 선택 > 해당 의사의 예약 가능 날짜 및 시간 선택 > 예약하기 

- [병원검색] 이용 시 
병원검색 > 예약하고자 하는 병원 검색 > 병원 선택 후 의사 선택 > 해당 의사의 예약 가능 날짜 및 시간 선택 > 예약하기 

- [예약하기] 이용 시 
병원찾기(주변 병원 검색) > 병원 선택 후 의사 선택 > 해당 의사의 예약 가능 날짜 및 시간 선택 > 예약하기 "
병원 예약을 위해 어떤 정보를 준비해야 하나요?,"별도의 정보는 필요하지 않습니다.

상단의 검색창 또는 [병원검색], [예약하기] 탭을 이용하여 예약합니다.

- 검색창 이용시 
예약하고자 하는 병원명, 진료과목 등을 검색 > 병원 선택 후 의사 선택 > 해당 의사의 예약 가능 날짜 및 시간 선택 > 예약하기 

- [병원검색] 이용 시 
병원검색 > 예약하고자 하는 병원 검색 > 병원 선택 후 의사 선택 > 해당 의사의 예약 가능 날짜 및 시간 선택 > 예약하기 

- [예약하기] 이용 시 
병원찾기(주변 병원 검색) > 병원 선택 후 의사 선택 > 해당 의사의 예약 가능 날짜 및 시간 선택 > 예약하기 "
병원 예약은 당일에도 가능한가요?,"예약은 1년 365일 24시간 가능하며, 2시간 이후 진료에 대해서만 예약이 가능합니다. 또한, 예약 시간 30분 전까지 예약이 승인되지 않는 경우 예약이 자동 취소되므로 방문 전 확인 부탁드립니다.

상단의 검색창 또는 [병원검색], [예약하기] 탭을 이용하여 예약합니다.

- 검색창 이용시 
예약하고자 하는 병원명, 진료과목 등을 검색 > 병원 선택 후 의사 선택 > 해당 의사의 예약 가능 날짜 및 시간 선택 > 예약하기 

- [병원검색] 이용 시 
병원검색 > 예약하고자 하는 병원 검색 > 병원 선택 후 의사 선택 > 해당 의사의 예약 가능 날짜 및 시간 선택 > 예약하기 

- [예약하기] 이용 시 
병원찾기(주변 병원 검색) > 병원 선택 후 의사 선택 > 해당 의사의 예약 가능 날짜 및 시간 선택 > 예약하기 "
진료예약 서비스는 병원에서 직접 신청해야 하나요?,"저희 ""Asklepios""를 활용하시면 온라인 예약이 가능합니다. 진료 예약을 원하시는 병원, 의사, 날짜 및 시간 선택 후 예약 신청이 가능합니다.

상단의 검색창 또는 [병원검색], [예약하기] 탭을 이용하여 예약합니다.

- 검색창 이용시 
예약하고자 하는 병원명, 진료과목 등을 검색 > 병원 선택 후 의사 선택 > 해당 의사의 예약 가능 날짜 및 시간 선택 > 예약하기 

- [병원검색] 이용 시 
병원검색 > 예약하고자 하는 병원 검색 > 병원 선택 후 의사 선택 > 해당 의사의 예약 가능 날짜 및 시간 선택 > 예약하기 

- [예약하기] 이용 시 
병원찾기(주변 병원 검색) > 병원 선택 후 의사 선택 > 해당 의사의 예약 가능 날짜 및 시간 선택 > 예약하기 "
병원 예약은 앱으로도 할 수 있나요?,"저희 ""Asklepios"" 앱을 이용하시면, 앱으로도 예약 가능합니다.

상단의 검색창 또는 [병원검색], [예약하기] 탭을 이용하여 예약합니다.

- 검색창 이용시 
예약하고자 하는 병원명, 진료과목 등을 검색 > 병원 선택 후 의사 선택 > 해당 의사의 예약 가능 날짜 및 시간 선택 > 예약하기 

- [병원검색] 이용 시 
병원검색 > 예약하고자 하는 병원 검색 > 병원 선택 후 의사 선택 > 해당 의사의 예약 가능 날짜 및 시간 선택 > 예약하기 

- [예약하기] 이용 시 
병원찾기(주변 병원 검색) > 병원 선택 후 의사 선택 > 해당 의사의 예약 가능 날짜 및 시간 선택 > 예약하기 "
진료 예약을 위해 병원 접수처를 방문해야 하나요?,"반드시 방문하실 필요 없습니다. 저희 ""Asklepios""를 이용하시면 온라인 예약이 가능합니다.

상단의 검색창 또는 [병원검색], [예약하기] 탭을 이용하여 예약합니다.

- 검색창 이용시 
예약하고자 하는 병원명, 진료과목 등을 검색 > 병원 선택 후 의사 선택 > 해당 의사의 예약 가능 날짜 및 시간 선택 > 예약하기 

- [병원검색] 이용 시 
병원검색 > 예약하고자 하는 병원 검색 > 병원 선택 후 의사 선택 > 해당 의사의 예약 가능 날짜 및 시간 선택 > 예약하기 

- [예약하기] 이용 시 
병원찾기(주변 병원 검색) > 병원 선택 후 의사 선택 > 해당 의사의 예약 가능 날짜 및 시간 선택 > 예약하기 "
진료예약 접수는 병원 내 어디에서 하나요?,"병원 내 수납처에서 진료예약 가능합니다. 저희 ""Asklepios""를 이용하실 경우 온라인 예약이 가능합니다. 많은 이용 부탁드립니다.

상단의 검색창 또는 [병원검색], [예약하기] 탭을 이용하여 예약합니다.

- 검색창 이용시 
예약하고자 하는 병원명, 진료과목 등을 검색 > 병원 선택 후 의사 선택 > 해당 의사의 예약 가능 날짜 및 시간 선택 > 예약하기 

- [병원검색] 이용 시 
병원검색 > 예약하고자 하는 병원 검색 > 병원 선택 후 의사 선택 > 해당 의사의 예약 가능 날짜 및 시간 선택 > 예약하기 

- [예약하기] 이용 시 
병원찾기(주변 병원 검색) > 병원 선택 후 의사 선택 > 해당 의사의 예약 가능 날짜 및 시간 선택 > 예약하기 "
병원 예약은 어떤 시간에 가능한가요?,"저희 ""Asklepios""는 1년 365일 24시간 가능합니다.
온라인 예약 진행 시 날짜 및 시간을 선택할 수 있으며, 진료 불가능 한 시간은 선택이 불가하므로 이용에 착오 없으시길 바랍니다.

상단의 검색창 또는 [병원검색], [예약하기] 탭을 이용하여 예약합니다.

- 검색창 이용시 
예약하고자 하는 병원명, 진료과목 등을 검색 > 병원 선택 후 의사 선택 > 해당 의사의 예약 가능 날짜 및 시간 선택 > 예약하기 

- [병원검색] 이용 시 
병원검색 > 예약하고자 하는 병원 검색 > 병원 선택 후 의사 선택 > 해당 의사의 예약 가능 날짜 및 시간 선택 > 예약하기 

- [예약하기] 이용 시 
병원찾기(주변 병원 검색) > 병원 선택 후 의사 선택 > 해당 의사의 예약 가능 날짜 및 시간 선택 > 예약하기 "
진료를 예약하려면 병원에 직접 방문해야 하나요?,"직접 방문하실 필요 없습니다. 저희 ""Asklepios""에서 온라인 예약 진행 시 일정을 선택하여 예약이 가능합니다.

상단의 검색창 또는 [병원검색], [예약하기] 탭을 이용하여 예약합니다.

- 검색창 이용시 
예약하고자 하는 병원명, 진료과목 등을 검색 > 병원 선택 후 의사 선택 > 해당 의사의 예약 가능 날짜 및 시간 선택 > 예약하기 

- [병원검색] 이용 시 
병원검색 > 예약하고자 하는 병원 검색 > 병원 선택 후 의사 선택 > 해당 의사의 예약 가능 날짜 및 시간 선택 > 예약하기 

- [예약하기] 이용 시 
병원찾기(주변 병원 검색) > 병원 선택 후 의사 선택 > 해당 의사의 예약 가능 날짜 및 시간 선택 > 예약하기 "
진료 예약을 위해 필요한 정보를 알려주세요.,"상단의 검색창 또는 [병원검색], [예약하기] 탭을 이용하여 예약합니다.

- 검색창 이용시 
예약하고자 하는 병원명, 진료과목 등을 검색 > 병원 선택 후 의사 선택 > 해당 의사의 예약 가능 날짜 및 시간 선택 > 예약하기 

- [병원검색] 이용 시 
병원검색 > 예약하고자 하는 병원 검색 > 병원 선택 후 의사 선택 > 해당 의사의 예약 가능 날짜 및 시간 선택 > 예약하기 

- [예약하기] 이용 시 
병원찾기(주변 병원 검색) > 병원 선택 후 의사 선택 > 해당 의사의 예약 가능 날짜 및 시간 선택 > 예약하기 "
병원 예약 방법은 어떤가요?,"상단의 검색창 또는 [병원검색], [예약하기] 탭을 이용하여 예약합니다.

- 검색창 이용시 
예약하고자 하는 병원명, 진료과목 등을 검색 > 병원 선택 후 의사 선택 > 해당 의사의 예약 가능 날짜 및 시간 선택 > 예약하기 

- [병원검색] 이용 시 
병원검색 > 예약하고자 하는 병원 검색 > 병원 선택 후 의사 선택 > 해당 의사의 예약 가능 날짜 및 시간 선택 > 예약하기 

- [예약하기] 이용 시 
병원찾기(주변 병원 검색) > 병원 선택 후 의사 선택 > 해당 의사의 예약 가능 날짜 및 시간 선택 > 예약하기 "
진료예약 서비스는 병원 공식 웹사이트에서 제공되나요?,"병원 공식 웹사이트에서도 제공하는 경우가 있습니다. 저희 ""Asklepios""에서도 온라인 예약이 가능하므로, 많은 이용 부탁드립니다.

상단의 검색창 또는 [병원검색], [예약하기] 탭을 이용하여 예약합니다.

- 검색창 이용시 
예약하고자 하는 병원명, 진료과목 등을 검색 > 병원 선택 후 의사 선택 > 해당 의사의 예약 가능 날짜 및 시간 선택 > 예약하기 

- [병원검색] 이용 시 
병원검색 > 예약하고자 하는 병원 검색 > 병원 선택 후 의사 선택 > 해당 의사의 예약 가능 날짜 및 시간 선택 > 예약하기 

- [예약하기] 이용 시 
병원찾기(주변 병원 검색) > 병원 선택 후 의사 선택 > 해당 의사의 예약 가능 날짜 및 시간 선택 > 예약하기 "
병원 예약을 위해 사용하는 절차는 어떻게 되나요?,"상단의 검색창 또는 [병원검색], [예약하기] 탭을 이용하여 예약합니다.

- 검색창 이용시 
예약하고자 하는 병원명, 진료과목 등을 검색 > 병원 선택 후 의사 선택 > 해당 의사의 예약 가능 날짜 및 시간 선택 > 예약하기 

- [병원검색] 이용 시 
병원검색 > 예약하고자 하는 병원 검색 > 병원 선택 후 의사 선택 > 해당 의사의 예약 가능 날짜 및 시간 선택 > 예약하기 

- [예약하기] 이용 시 
병원찾기(주변 병원 검색) > 병원 선택 후 의사 선택 > 해당 의사의 예약 가능 날짜 및 시간 선택 > 예약하기 "
병원 예약은 몇 시까지 가능하나요?,"저희 ""Asklepios""는 1년 365일 24시간 가능합니다.
온라인 예약 진행 시 날짜 및 시간을 선택할 수 있으며, 진료 불가능 한 시간은 선택이 불가하므로 이용에 착오 없으시길 바랍니다.

상단의 검색창 또는 [병원검색], [예약하기] 탭을 이용하여 예약합니다.

- 검색창 이용시 
예약하고자 하는 병원명, 진료과목 등을 검색 > 병원 선택 후 의사 선택 > 해당 의사의 예약 가능 날짜 및 시간 선택 > 예약하기 

- [병원검색] 이용 시 
병원검색 > 예약하고자 하는 병원 검색 > 병원 선택 후 의사 선택 > 해당 의사의 예약 가능 날짜 및 시간 선택 > 예약하기 

- [예약하기] 이용 시 
병원찾기(주변 병원 검색) > 병원 선택 후 의사 선택 > 해당 의사의 예약 가능 날짜 및 시간 선택 > 예약하기 "
병원 예약을 위해 어떤 단계를 밟아야 하나요?,"상단의 검색창 또는 [병원검색], [예약하기] 탭을 이용하여 예약합니다.

- 검색창 이용시 
예약하고자 하는 병원명, 진료과목 등을 검색 > 병원 선택 후 의사 선택 > 해당 의사의 예약 가능 날짜 및 시간 선택 > 예약하기 

- [병원검색] 이용 시 
병원검색 > 예약하고자 하는 병원 검색 > 병원 선택 후 의사 선택 > 해당 의사의 예약 가능 날짜 및 시간 선택 > 예약하기 

- [예약하기] 이용 시 
병원찾기(주변 병원 검색) > 병원 선택 후 의사 선택 > 해당 의사의 예약 가능 날짜 및 시간 선택 > 예약하기 "
진료예약 접수처 위치는 어디인가요?,"방문 예약하실 경우, 병원 수납처 이용을 부탁드립니다.

상단의 검색창 또는 [병원검색], [예약하기] 탭을 이용하여 예약합니다.

- 검색창 이용시 
예약하고자 하는 병원명, 진료과목 등을 검색 > 병원 선택 후 의사 선택 > 해당 의사의 예약 가능 날짜 및 시간 선택 > 예약하기 

- [병원검색] 이용 시 
병원검색 > 예약하고자 하는 병원 검색 > 병원 선택 후 의사 선택 > 해당 의사의 예약 가능 날짜 및 시간 선택 > 예약하기 

- [예약하기] 이용 시 
병원찾기(주변 병원 검색) > 병원 선택 후 의사 선택 > 해당 의사의 예약 가능 날짜 및 시간 선택 > 예약하기 "
병원 예약 시스템은 병원 사이트에 어떻게 접속하나요?,"상단의 검색창 또는 [병원검색], [예약하기] 탭을 이용하여 예약합니다.

- 검색창 이용시 
예약하고자 하는 병원명, 진료과목 등을 검색 > 병원 선택 후 의사 선택 > 해당 의사의 예약 가능 날짜 및 시간 선택 > 예약하기 

- [병원검색] 이용 시 
병원검색 > 예약하고자 하는 병원 검색 > 병원 선택 후 의사 선택 > 해당 의사의 예약 가능 날짜 및 시간 선택 > 예약하기 

- [예약하기] 이용 시 
병원찾기(주변 병원 검색) > 병원 선택 후 의사 선택 > 해당 의사의 예약 가능 날짜 및 시간 선택 > 예약하기 "
진료예약은 병원 외에 다른 곳에서도 가능한가요?,"저희 ""Asklepios""는 온라인 예약을 지원합니다. 많은 이용부탁드립니다.

상단의 검색창 또는 [병원검색], [예약하기] 탭을 이용하여 예약합니다.

- 검색창 이용시 
예약하고자 하는 병원명, 진료과목 등을 검색 > 병원 선택 후 의사 선택 > 해당 의사의 예약 가능 날짜 및 시간 선택 > 예약하기 

- [병원검색] 이용 시 
병원검색 > 예약하고자 하는 병원 검색 > 병원 선택 후 의사 선택 > 해당 의사의 예약 가능 날짜 및 시간 선택 > 예약하기 

- [예약하기] 이용 시 
병원찾기(주변 병원 검색) > 병원 선택 후 의사 선택 > 해당 의사의 예약 가능 날짜 및 시간 선택 > 예약하기 "
병원 예약을 위해 서류를 제출해야 하나요?,"진료 내용에 따라 서류 제출 사항은 상이하므로, 해당 병원에 문의부탁드립니다.

상단의 검색창 또는 [병원검색], [예약하기] 탭을 이용하여 예약합니다.

- 검색창 이용시 
예약하고자 하는 병원명, 진료과목 등을 검색 > 병원 선택 후 의사 선택 > 해당 의사의 예약 가능 날짜 및 시간 선택 > 예약하기 

- [병원검색] 이용 시 
병원검색 > 예약하고자 하는 병원 검색 > 병원 선택 후 의사 선택 > 해당 의사의 예약 가능 날짜 및 시간 선택 > 예약하기 

- [예약하기] 이용 시 
병원찾기(주변 병원 검색) > 병원 선택 후 의사 선택 > 해당 의사의 예약 가능 날짜 및 시간 선택 > 예약하기 "
진료예약 서비스는 모바일 앱에서도 가능한가요?,"저희 ""Asklepios"" 앱을 사용하시면, 앱을 이용한 온라인 예약이 가능합니다.

상단의 검색창 또는 [병원검색], [예약하기] 탭을 이용하여 예약합니다.

- 검색창 이용시 
예약하고자 하는 병원명, 진료과목 등을 검색 > 병원 선택 후 의사 선택 > 해당 의사의 예약 가능 날짜 및 시간 선택 > 예약하기 

- [병원검색] 이용 시 
병원검색 > 예약하고자 하는 병원 검색 > 병원 선택 후 의사 선택 > 해당 의사의 예약 가능 날짜 및 시간 선택 > 예약하기 

- [예약하기] 이용 시 
병원찾기(주변 병원 검색) > 병원 선택 후 의사 선택 > 해당 의사의 예약 가능 날짜 및 시간 선택 > 예약하기 "
병원 예약은 병원에 직접 문의해야 하나요?,"저희 ""Asklepios""를 이용하실 경우, 직접 방문, 전화 문의 없이 온라인 예약이 가능합니다. 많은 이용 부탁드립니다.

상단의 검색창 또는 [병원검색], [예약하기] 탭을 이용하여 예약합니다.

- 검색창 이용시 
예약하고자 하는 병원명, 진료과목 등을 검색 > 병원 선택 후 의사 선택 > 해당 의사의 예약 가능 날짜 및 시간 선택 > 예약하기 

- [병원검색] 이용 시 
병원검색 > 예약하고자 하는 병원 검색 > 병원 선택 후 의사 선택 > 해당 의사의 예약 가능 날짜 및 시간 선택 > 예약하기 

- [예약하기] 이용 시 
병원찾기(주변 병원 검색) > 병원 선택 후 의사 선택 > 해당 의사의 예약 가능 날짜 및 시간 선택 > 예약하기 "
진료예약은 병원 사이트에서 찾을 수 있나요?,"병원마다 웹 사이트 운영여부가 불분명합니다. 저희 ""Asklepios""를 이용하시면 온라인 예약이 가능하니 많은 이용 부탁드립니다.

상단의 검색창 또는 [병원검색], [예약하기] 탭을 이용하여 예약합니다.

- 검색창 이용시 
예약하고자 하는 병원명, 진료과목 등을 검색 > 병원 선택 후 의사 선택 > 해당 의사의 예약 가능 날짜 및 시간 선택 > 예약하기 

- [병원검색] 이용 시 
병원검색 > 예약하고자 하는 병원 검색 > 병원 선택 후 의사 선택 > 해당 의사의 예약 가능 날짜 및 시간 선택 > 예약하기 

- [예약하기] 이용 시 
병원찾기(주변 병원 검색) > 병원 선택 후 의사 선택 > 해당 의사의 예약 가능 날짜 및 시간 선택 > 예약하기 "
병원 예약은 전화로도 가능합니까?,"해당 병원 연락처로 문의 예약 가능합니다.

상단의 검색창 또는 [병원검색], [예약하기] 탭을 이용하여 예약합니다.

- 검색창 이용시 
예약하고자 하는 병원명, 진료과목 등을 검색 > 병원 선택 후 의사 선택 > 해당 의사의 예약 가능 날짜 및 시간 선택 > 예약하기 

- [병원검색] 이용 시 
병원검색 > 예약하고자 하는 병원 검색 > 병원 선택 후 의사 선택 > 해당 의사의 예약 가능 날짜 및 시간 선택 > 예약하기 

- [예약하기] 이용 시 
병원찾기(주변 병원 검색) > 병원 선택 후 의사 선택 > 해당 의사의 예약 가능 날짜 및 시간 선택 > 예약하기 "
병원 예약을 위해 인터넷을 이용해야 하나요?,"방문 예약, 전화 예약도 가능합니다.

상단의 검색창 또는 [병원검색], [예약하기] 탭을 이용하여 예약합니다.

- 검색창 이용시 
예약하고자 하는 병원명, 진료과목 등을 검색 > 병원 선택 후 의사 선택 > 해당 의사의 예약 가능 날짜 및 시간 선택 > 예약하기 

- [병원검색] 이용 시 
병원검색 > 예약하고자 하는 병원 검색 > 병원 선택 후 의사 선택 > 해당 의사의 예약 가능 날짜 및 시간 선택 > 예약하기 

- [예약하기] 이용 시 
병원찾기(주변 병원 검색) > 병원 선택 후 의사 선택 > 해당 의사의 예약 가능 날짜 및 시간 선택 > 예약하기 "
진료 예약을 위해 필요한 정보는 무엇인가요?,"별도의 정보는 필요하지 않으나, 진료 내용에 따라 상이하므로 해당 병원 연락처로 문의 부탁드립니다.

상단의 검색창 또는 [병원검색], [예약하기] 탭을 이용하여 예약합니다.

- 검색창 이용시 
예약하고자 하는 병원명, 진료과목 등을 검색 > 병원 선택 후 의사 선택 > 해당 의사의 예약 가능 날짜 및 시간 선택 > 예약하기 

- [병원검색] 이용 시 
병원검색 > 예약하고자 하는 병원 검색 > 병원 선택 후 의사 선택 > 해당 의사의 예약 가능 날짜 및 시간 선택 > 예약하기 

- [예약하기] 이용 시 
병원찾기(주변 병원 검색) > 병원 선택 후 의사 선택 > 해당 의사의 예약 가능 날짜 및 시간 선택 > 예약하기 "
병원 예약을 위한 접수는 어디서 진행하나요?,"방문 예약 시, 수납처를 이용 부탁드립니다.

상단의 검색창 또는 [병원검색], [예약하기] 탭을 이용하여 예약합니다.

- 검색창 이용시 
예약하고자 하는 병원명, 진료과목 등을 검색 > 병원 선택 후 의사 선택 > 해당 의사의 예약 가능 날짜 및 시간 선택 > 예약하기 

- [병원검색] 이용 시 
병원검색 > 예약하고자 하는 병원 검색 > 병원 선택 후 의사 선택 > 해당 의사의 예약 가능 날짜 및 시간 선택 > 예약하기 

- [예약하기] 이용 시 
병원찾기(주변 병원 검색) > 병원 선택 후 의사 선택 > 해당 의사의 예약 가능 날짜 및 시간 선택 > 예약하기 "
병원 예약은 병원 홈페이지에서 시작하나요?,"상단의 검색창 또는 [병원검색], [예약하기] 탭을 이용하여 예약합니다.

- 검색창 이용시 
예약하고자 하는 병원명, 진료과목 등을 검색 > 병원 선택 후 의사 선택 > 해당 의사의 예약 가능 날짜 및 시간 선택 > 예약하기 

- [병원검색] 이용 시 
병원검색 > 예약하고자 하는 병원 검색 > 병원 선택 후 의사 선택 > 해당 의사의 예약 가능 날짜 및 시간 선택 > 예약하기 

- [예약하기] 이용 시 
병원찾기(주변 병원 검색) > 병원 선택 후 의사 선택 > 해당 의사의 예약 가능 날짜 및 시간 선택 > 예약하기 "
진료 예약을 위해 병원에 먼저 문의해야 하나요?,"별도의 전화 문의는 필요하지 않습니다.

상단의 검색창 또는 [병원검색], [예약하기] 탭을 이용하여 예약합니다.

- 검색창 이용시 
예약하고자 하는 병원명, 진료과목 등을 검색 > 병원 선택 후 의사 선택 > 해당 의사의 예약 가능 날짜 및 시간 선택 > 예약하기 

- [병원검색] 이용 시 
병원검색 > 예약하고자 하는 병원 검색 > 병원 선택 후 의사 선택 > 해당 의사의 예약 가능 날짜 및 시간 선택 > 예약하기 

- [예약하기] 이용 시 
병원찾기(주변 병원 검색) > 병원 선택 후 의사 선택 > 해당 의사의 예약 가능 날짜 및 시간 선택 > 예약하기 "
병원 예약 접수는 병원 로비에서 이루어지나요?,"저희 ""Asklepios""를 이용하실 경우, 온라인 예약이 가능합니다. 방문 예약 시, 수납처를 통해 예약 가능합니다.

상단의 검색창 또는 [병원검색], [예약하기] 탭을 이용하여 예약합니다.

- 검색창 이용시 
예약하고자 하는 병원명, 진료과목 등을 검색 > 병원 선택 후 의사 선택 > 해당 의사의 예약 가능 날짜 및 시간 선택 > 예약하기 

- [병원검색] 이용 시 
병원검색 > 예약하고자 하는 병원 검색 > 병원 선택 후 의사 선택 > 해당 의사의 예약 가능 날짜 및 시간 선택 > 예약하기 

- [예약하기] 이용 시 
병원찾기(주변 병원 검색) > 병원 선택 후 의사 선택 > 해당 의사의 예약 가능 날짜 및 시간 선택 > 예약하기 "
병원 예약은 온라인만 가능한가요?,"온라인 예약 외, 방문 예약, 전화 예약도 가능합니다.

상단의 검색창 또는 [병원검색], [예약하기] 탭을 이용하여 예약합니다.

- 검색창 이용시 
예약하고자 하는 병원명, 진료과목 등을 검색 > 병원 선택 후 의사 선택 > 해당 의사의 예약 가능 날짜 및 시간 선택 > 예약하기 

- [병원검색] 이용 시 
병원검색 > 예약하고자 하는 병원 검색 > 병원 선택 후 의사 선택 > 해당 의사의 예약 가능 날짜 및 시간 선택 > 예약하기 

- [예약하기] 이용 시 
병원찾기(주변 병원 검색) > 병원 선택 후 의사 선택 > 해당 의사의 예약 가능 날짜 및 시간 선택 > 예약하기 "
병원 예약 시스템은 병원 홈페이지 어디에 있나요?,"상단의 검색창 또는 [병원검색], [예약하기] 탭을 이용하여 예약합니다.

- 검색창 이용시 
예약하고자 하는 병원명, 진료과목 등을 검색 > 병원 선택 후 의사 선택 > 해당 의사의 예약 가능 날짜 및 시간 선택 > 예약하기 

- [병원검색] 이용 시 
병원검색 > 예약하고자 하는 병원 검색 > 병원 선택 후 의사 선택 > 해당 의사의 예약 가능 날짜 및 시간 선택 > 예약하기 

- [예약하기] 이용 시 
병원찾기(주변 병원 검색) > 병원 선택 후 의사 선택 > 해당 의사의 예약 가능 날짜 및 시간 선택 > 예약하기 "
진료 예약을 위해 병원 접수창구로 가야 하나요?,"진료 예약을 위해서는 수납처(접수 창구)를 방문하시거나, 전화 예약 부탁드립니다.
저희 ""Asklepios""를 이용하실 경우 온라인 예약이 가능하므로, 많은 이용 부탁드립니다.

상단의 검색창 또는 [병원검색], [예약하기] 탭을 이용하여 예약합니다.

- 검색창 이용시 
예약하고자 하는 병원명, 진료과목 등을 검색 > 병원 선택 후 의사 선택 > 해당 의사의 예약 가능 날짜 및 시간 선택 > 예약하기 

- [병원검색] 이용 시 
병원검색 > 예약하고자 하는 병원 검색 > 병원 선택 후 의사 선택 > 해당 의사의 예약 가능 날짜 및 시간 선택 > 예약하기 

- [예약하기] 이용 시 
병원찾기(주변 병원 검색) > 병원 선택 후 의사 선택 > 해당 의사의 예약 가능 날짜 및 시간 선택 > 예약하기 "
병원 예약을 위해 전화문의는 어떻게 하나요?,"해당 병원 연락처로 문의 부탁드립니다.

상단의 검색창 또는 [병원검색], [예약하기] 탭을 이용하여 예약합니다.

- 검색창 이용시 
예약하고자 하는 병원명, 진료과목 등을 검색 > 병원 선택 후 의사 선택 > 해당 의사의 예약 가능 날짜 및 시간 선택 > 예약하기 

- [병원검색] 이용 시 
병원검색 > 예약하고자 하는 병원 검색 > 병원 선택 후 의사 선택 > 해당 의사의 예약 가능 날짜 및 시간 선택 > 예약하기 

- [예약하기] 이용 시 
병원찾기(주변 병원 검색) > 병원 선택 후 의사 선택 > 해당 의사의 예약 가능 날짜 및 시간 선택 > 예약하기 "
병원 예약을 위한 온라인 접속 방법은 무엇인가요?,"상단의 검색창 또는 [병원검색], [예약하기] 탭을 이용하여 예약합니다.

- 검색창 이용시 
예약하고자 하는 병원명, 진료과목 등을 검색 > 병원 선택 후 의사 선택 > 해당 의사의 예약 가능 날짜 및 시간 선택 > 예약하기 

- [병원검색] 이용 시 
병원검색 > 예약하고자 하는 병원 검색 > 병원 선택 후 의사 선택 > 해당 의사의 예약 가능 날짜 및 시간 선택 > 예약하기 

- [예약하기] 이용 시 
병원찾기(주변 병원 검색) > 병원 선택 후 의사 선택 > 해당 의사의 예약 가능 날짜 및 시간 선택 > 예약하기 "
진료 예약은 병원에 직접 연락해서 하나요?,"저희 ""Asklepios""를 이용하실 경우, 직접적인 연락 없이 온라인 예약이 가능합니다. 많은 이용 부탁드립니다.

상단의 검색창 또는 [병원검색], [예약하기] 탭을 이용하여 예약합니다.

- 검색창 이용시 
예약하고자 하는 병원명, 진료과목 등을 검색 > 병원 선택 후 의사 선택 > 해당 의사의 예약 가능 날짜 및 시간 선택 > 예약하기 

- [병원검색] 이용 시 
병원검색 > 예약하고자 하는 병원 검색 > 병원 선택 후 의사 선택 > 해당 의사의 예약 가능 날짜 및 시간 선택 > 예약하기 

- [예약하기] 이용 시 
병원찾기(주변 병원 검색) > 병원 선택 후 의사 선택 > 해당 의사의 예약 가능 날짜 및 시간 선택 > 예약하기 "
병원 예약은 병원 공식 사이트에서만 가능한가요?,"병원 공식 사이트 예약 여부는 병원마다 상이합니다.
저희 ""Asklepios""를 이용하실 경우 온라인 예약이 가능합니다. 많은 이용 부탁드립니다.

상단의 검색창 또는 [병원검색], [예약하기] 탭을 이용하여 예약합니다.

- 검색창 이용시 
예약하고자 하는 병원명, 진료과목 등을 검색 > 병원 선택 후 의사 선택 > 해당 의사의 예약 가능 날짜 및 시간 선택 > 예약하기 

- [병원검색] 이용 시 
병원검색 > 예약하고자 하는 병원 검색 > 병원 선택 후 의사 선택 > 해당 의사의 예약 가능 날짜 및 시간 선택 > 예약하기 

- [예약하기] 이용 시 
병원찾기(주변 병원 검색) > 병원 선택 후 의사 선택 > 해당 의사의 예약 가능 날짜 및 시간 선택 > 예약하기 "
병원 예약은 병원 내에서만 이루어지나요?,"저희 ""Asklepios""를 이용하시면, 온라인 예약이 가능합니다. 많은 이용 부탁드립니다.

상단의 검색창 또는 [병원검색], [예약하기] 탭을 이용하여 예약합니다.

- 검색창 이용시 
예약하고자 하는 병원명, 진료과목 등을 검색 > 병원 선택 후 의사 선택 > 해당 의사의 예약 가능 날짜 및 시간 선택 > 예약하기 

- [병원검색] 이용 시 
병원검색 > 예약하고자 하는 병원 검색 > 병원 선택 후 의사 선택 > 해당 의사의 예약 가능 날짜 및 시간 선택 > 예약하기 

- [예약하기] 이용 시 
병원찾기(주변 병원 검색) > 병원 선택 후 의사 선택 > 해당 의사의 예약 가능 날짜 및 시간 선택 > 예약하기 "
병원 예약 방법은 병원 안내데스크에서 확인하나요?,"상단의 검색창 또는 [병원검색], [예약하기] 탭을 이용하여 예약합니다.

- 검색창 이용시 
예약하고자 하는 병원명, 진료과목 등을 검색 > 병원 선택 후 의사 선택 > 해당 의사의 예약 가능 날짜 및 시간 선택 > 예약하기 

- [병원검색] 이용 시 
병원검색 > 예약하고자 하는 병원 검색 > 병원 선택 후 의사 선택 > 해당 의사의 예약 가능 날짜 및 시간 선택 > 예약하기 

- [예약하기] 이용 시 
병원찾기(주변 병원 검색) > 병원 선택 후 의사 선택 > 해당 의사의 예약 가능 날짜 및 시간 선택 > 예약하기 "
병원 예약은 홈페이지 외에 다른 경로가 있나요?,"방문 예약, 전화 예약, 병원 공식 홈페이지 등을 통한 예약도 가능합니다.

상단의 검색창 또는 [병원검색], [예약하기] 탭을 이용하여 예약합니다.

- 검색창 이용시 
예약하고자 하는 병원명, 진료과목 등을 검색 > 병원 선택 후 의사 선택 > 해당 의사의 예약 가능 날짜 및 시간 선택 > 예약하기 

- [병원검색] 이용 시 
병원검색 > 예약하고자 하는 병원 검색 > 병원 선택 후 의사 선택 > 해당 의사의 예약 가능 날짜 및 시간 선택 > 예약하기 

- [예약하기] 이용 시 
병원찾기(주변 병원 검색) > 병원 선택 후 의사 선택 > 해당 의사의 예약 가능 날짜 및 시간 선택 > 예약하기 "
진료 예약은 병원 앱으로 가능합니까?,"저희 ""Asklepios"" 앱을 이용하시면, 온라인 예약이 가능합니다.

상단의 검색창 또는 [병원검색], [예약하기] 탭을 이용하여 예약합니다.

- 검색창 이용시 
예약하고자 하는 병원명, 진료과목 등을 검색 > 병원 선택 후 의사 선택 > 해당 의사의 예약 가능 날짜 및 시간 선택 > 예약하기 

- [병원검색] 이용 시 
병원검색 > 예약하고자 하는 병원 검색 > 병원 선택 후 의사 선택 > 해당 의사의 예약 가능 날짜 및 시간 선택 > 예약하기 

- [예약하기] 이용 시 
병원찾기(주변 병원 검색) > 병원 선택 후 의사 선택 > 해당 의사의 예약 가능 날짜 및 시간 선택 > 예약하기 "
병원 예약은 병원 로비에서 직접 진행하나요?,"저희 ""Asklepios""를 이용하실 경우 온라인 예약이 가능합니다. 많은 이용 부탁드립니다.

상단의 검색창 또는 [병원검색], [예약하기] 탭을 이용하여 예약합니다.

- 검색창 이용시 
예약하고자 하는 병원명, 진료과목 등을 검색 > 병원 선택 후 의사 선택 > 해당 의사의 예약 가능 날짜 및 시간 선택 > 예약하기 

- [병원검색] 이용 시 
병원검색 > 예약하고자 하는 병원 검색 > 병원 선택 후 의사 선택 > 해당 의사의 예약 가능 날짜 및 시간 선택 > 예약하기 

- [예약하기] 이용 시 
병원찾기(주변 병원 검색) > 병원 선택 후 의사 선택 > 해당 의사의 예약 가능 날짜 및 시간 선택 > 예약하기 "
병원 예약은 병원 대표번호로 하나요?,"병원 문의일 경우, 해당 병원 연락처로 문의 부탁드립니다.

상단의 검색창 또는 [병원검색], [예약하기] 탭을 이용하여 예약합니다.

- 검색창 이용시 
예약하고자 하는 병원명, 진료과목 등을 검색 > 병원 선택 후 의사 선택 > 해당 의사의 예약 가능 날짜 및 시간 선택 > 예약하기 

- [병원검색] 이용 시 
병원검색 > 예약하고자 하는 병원 검색 > 병원 선택 후 의사 선택 > 해당 의사의 예약 가능 날짜 및 시간 선택 > 예약하기 

- [예약하기] 이용 시 
병원찾기(주변 병원 검색) > 병원 선택 후 의사 선택 > 해당 의사의 예약 가능 날짜 및 시간 선택 > 예약하기 "
병원 예약은 병원 안내문에서 확인해야 하나요?,"상단의 검색창 또는 [병원검색], [예약하기] 탭을 이용하여 예약합니다.

- 검색창 이용시 
예약하고자 하는 병원명, 진료과목 등을 검색 > 병원 선택 후 의사 선택 > 해당 의사의 예약 가능 날짜 및 시간 선택 > 예약하기 

- [병원검색] 이용 시 
병원검색 > 예약하고자 하는 병원 검색 > 병원 선택 후 의사 선택 > 해당 의사의 예약 가능 날짜 및 시간 선택 > 예약하기 

- [예약하기] 이용 시 
병원찾기(주변 병원 검색) > 병원 선택 후 의사 선택 > 해당 의사의 예약 가능 날짜 및 시간 선택 > 예약하기 "
병원 예약은 병원 접수처로 가야 하나요?,"저희 ""Asklepios""를 이용하시면 온라인 예약이 가능합니다. 많은 이용 부탁드립니다.

상단의 검색창 또는 [병원검색], [예약하기] 탭을 이용하여 예약합니다.

- 검색창 이용시 
예약하고자 하는 병원명, 진료과목 등을 검색 > 병원 선택 후 의사 선택 > 해당 의사의 예약 가능 날짜 및 시간 선택 > 예약하기 

- [병원검색] 이용 시 
병원검색 > 예약하고자 하는 병원 검색 > 병원 선택 후 의사 선택 > 해당 의사의 예약 가능 날짜 및 시간 선택 > 예약하기 

- [예약하기] 이용 시 
병원찾기(주변 병원 검색) > 병원 선택 후 의사 선택 > 해당 의사의 예약 가능 날짜 및 시간 선택 > 예약하기 "
진료예약은 병원 홈페이지에서만 하나요?,"저희 ""Asklepios""를 이용하시면 온라인 예약이 가능합니다. 많은 이용 부탁드립니다.

상단의 검색창 또는 [병원검색], [예약하기] 탭을 이용하여 예약합니다.

- 검색창 이용시 
예약하고자 하는 병원명, 진료과목 등을 검색 > 병원 선택 후 의사 선택 > 해당 의사의 예약 가능 날짜 및 시간 선택 > 예약하기 

- [병원검색] 이용 시 
병원검색 > 예약하고자 하는 병원 검색 > 병원 선택 후 의사 선택 > 해당 의사의 예약 가능 날짜 및 시간 선택 > 예약하기 

- [예약하기] 이용 시 
병원찾기(주변 병원 검색) > 병원 선택 후 의사 선택 > 해당 의사의 예약 가능 날짜 및 시간 선택 > 예약하기 "
병원 예약은 병원 접수처에서 진행합니까?,"저희 ""Asklepios""를 이용하시면 온라인 예약이 가능합니다. 많은 이용 부탁드립니다.

상단의 검색창 또는 [병원검색], [예약하기] 탭을 이용하여 예약합니다.

- 검색창 이용시 
예약하고자 하는 병원명, 진료과목 등을 검색 > 병원 선택 후 의사 선택 > 해당 의사의 예약 가능 날짜 및 시간 선택 > 예약하기 

- [병원검색] 이용 시 
병원검색 > 예약하고자 하는 병원 검색 > 병원 선택 후 의사 선택 > 해당 의사의 예약 가능 날짜 및 시간 선택 > 예약하기 

- [예약하기] 이용 시 
병원찾기(주변 병원 검색) > 병원 선택 후 의사 선택 > 해당 의사의 예약 가능 날짜 및 시간 선택 > 예약하기 "
게시판에서 글을 작성하려면 어떻게 해야 하나요?,"[게시판] 탭에서 새 게시글 작성이 가능합니다.

[게시판] > 원하는 카테고리 클릭 > 좌측 하단의 글쓰기 클릭 

단, FreeBaord 카테고리만 작성이 가능하며 이외 카테고리 글작성을 원하시는 경우 고객 상담사에게 문의 부탁드립니다."
게시판에 새 글을 쓰는 방법이 궁금합니다.,"[게시판] 탭에서 새 게시글 작성이 가능합니다.

[게시판] > 원하는 카테고리 클릭 > 좌측 하단의 글쓰기 클릭 

단, FreeBaord 카테고리만 작성이 가능하며 이외 카테고리 글작성을 원하시는 경우 고객 상담사에게 문의 부탁드립니다."
게시판 글을 작성하는 절차는 무엇인가요?,"[게시판] 탭에서 새 게시글 작성이 가능합니다.

[게시판] > 원하는 카테고리 클릭 > 좌측 하단의 글쓰기 클릭 

단, FreeBaord 카테고리만 작성이 가능하며 이외 카테고리 글작성을 원하시는 경우 고객 상담사에게 문의 부탁드립니다."
게시판에 글을 올리려면 어디를 클릭해야 하나요?,"[게시판] 탭에서 새 게시글 작성이 가능합니다.

[게시판] > 원하는 카테고리 클릭 > 좌측 하단의 글쓰기 클릭 

단, FreeBaord 카테고리만 작성이 가능하며 이외 카테고리 글작성을 원하시는 경우 고객 상담사에게 문의 부탁드립니다."
게시판에 새 글을 등록하는 방법을 알려주세요.,"[게시판] 탭에서 새 게시글 작성이 가능합니다.

[게시판] > 원하는 카테고리 클릭 > 좌측 하단의 글쓰기 클릭 

단, FreeBaord 카테고리만 작성이 가능하며 이외 카테고리 글작성을 원하시는 경우 고객 상담사에게 문의 부탁드립니다."
게시판에 글을 쓰려면 어떤 메뉴로 가야 하나요?,"[게시판] 탭에서 새 게시글 작성이 가능합니다.

[게시판] > 원하는 카테고리 클릭 > 좌측 하단의 글쓰기 클릭 

단, FreeBaord 카테고리만 작성이 가능하며 이외 카테고리 글작성을 원하시는 경우 고객 상담사에게 문의 부탁드립니다."
게시판 글쓰기는 어떤 절차를 거쳐야 하나요?,"[게시판] 탭에서 새 게시글 작성이 가능합니다.

[게시판] > 원하는 카테고리 클릭 > 좌측 하단의 글쓰기 클릭 

단, FreeBaord 카테고리만 작성이 가능하며 이외 카테고리 글작성을 원하시는 경우 고객 상담사에게 문의 부탁드립니다."
게시판에서 새 글을 작성하려면 어떤 버튼을 눌러야 하나요?,"[게시판] 탭에서 새 게시글 작성이 가능합니다.

[게시판] > 원하는 카테고리 클릭 > 좌측 하단의 글쓰기 클릭 

단, FreeBaord 카테고리만 작성이 가능하며 이외 카테고리 글작성을 원하시는 경우 고객 상담사에게 문의 부탁드립니다."
게시판 글쓰기를 시작하려면 어디로 이동하면 되나요?,"[게시판] 탭에서 새 게시글 작성이 가능합니다.

[게시판] > 원하는 카테고리 클릭 > 좌측 하단의 글쓰기 클릭 

단, FreeBaord 카테고리만 작성이 가능하며 이외 카테고리 글작성을 원하시는 경우 고객 상담사에게 문의 부탁드립니다."
게시판에서 새로운 게시글을 올리는 방법은 무엇인가요?,"[게시판] 탭에서 새 게시글 작성이 가능합니다.

[게시판] > 원하는 카테고리 클릭 > 좌측 하단의 글쓰기 클릭 

단, FreeBaord 카테고리만 작성이 가능하며 이외 카테고리 글작성을 원하시는 경우 고객 상담사에게 문의 부탁드립니다."
게시판에서 게시글을 등록하는 방법을 안내해 주세요.,"[게시판] 탭에서 새 게시글 작성이 가능합니다.

[게시판] > 원하는 카테고리 클릭 > 좌측 하단의 글쓰기 클릭 

단, FreeBaord 카테고리만 작성이 가능하며 이외 카테고리 글작성을 원하시는 경우 고객 상담사에게 문의 부탁드립니다."
게시판 글쓰기를 하려면 무엇을 눌러야 하나요?,"[게시판] 탭에서 새 게시글 작성이 가능합니다.

[게시판] > 원하는 카테고리 클릭 > 좌측 하단의 글쓰기 클릭 

단, FreeBaord 카테고리만 작성이 가능하며 이외 카테고리 글작성을 원하시는 경우 고객 상담사에게 문의 부탁드립니다."
게시판 글 작성은 어떤 과정으로 이루어지나요?,"[게시판] 탭에서 새 게시글 작성이 가능합니다.

[게시판] > 원하는 카테고리 클릭 > 좌측 하단의 글쓰기 클릭 

단, FreeBaord 카테고리만 작성이 가능하며 이외 카테고리 글작성을 원하시는 경우 고객 상담사에게 문의 부탁드립니다."
게시판 글작성 버튼은 어디에 있나요?,"[게시판] 탭에서 새 게시글 작성이 가능합니다.

[게시판] > 원하는 카테고리 클릭 > 좌측 하단의 글쓰기 클릭 

단, FreeBaord 카테고리만 작성이 가능하며 이외 카테고리 글작성을 원하시는 경우 고객 상담사에게 문의 부탁드립니다."
게시판에 글을 올리는 절차를 알려주세요.,"[게시판] 탭에서 새 게시글 작성이 가능합니다.

[게시판] > 원하는 카테고리 클릭 > 좌측 하단의 글쓰기 클릭 

단, FreeBaord 카테고리만 작성이 가능하며 이외 카테고리 글작성을 원하시는 경우 고객 상담사에게 문의 부탁드립니다."
게시판에 글을 등록하려면 무엇을 해야 하나요?,"[게시판] 탭에서 새 게시글 작성이 가능합니다.

[게시판] > 원하는 카테고리 클릭 > 좌측 하단의 글쓰기 클릭 

단, FreeBaord 카테고리만 작성이 가능하며 이외 카테고리 글작성을 원하시는 경우 고객 상담사에게 문의 부탁드립니다."
게시판에서 글을 작성하는 방법은 무엇인가요?,"[게시판] 탭에서 새 게시글 작성이 가능합니다.

[게시판] > 원하는 카테고리 클릭 > 좌측 하단의 글쓰기 클릭 

단, FreeBaord 카테고리만 작성이 가능하며 이외 카테고리 글작성을 원하시는 경우 고객 상담사에게 문의 부탁드립니다."
게시판 글쓰기 시작은 어디서 하나요?,"[게시판] 탭에서 새 게시글 작성이 가능합니다.

[게시판] > 원하는 카테고리 클릭 > 좌측 하단의 글쓰기 클릭 

단, FreeBaord 카테고리만 작성이 가능하며 이외 카테고리 글작성을 원하시는 경우 고객 상담사에게 문의 부탁드립니다."
게시판에서 글을 쓰려면 어떤 단계를 거쳐야 하나요?,"[게시판] 탭에서 새 게시글 작성이 가능합니다.

[게시판] > 원하는 카테고리 클릭 > 좌측 하단의 글쓰기 클릭 

단, FreeBaord 카테고리만 작성이 가능하며 이외 카테고리 글작성을 원하시는 경우 고객 상담사에게 문의 부탁드립니다."
게시판에 글을 게시하려면 어떤 절차가 필요한가요?,"[게시판] 탭에서 새 게시글 작성이 가능합니다.

[게시판] > 원하는 카테고리 클릭 > 좌측 하단의 글쓰기 클릭 

단, FreeBaord 카테고리만 작성이 가능하며 이외 카테고리 글작성을 원하시는 경우 고객 상담사에게 문의 부탁드립니다."
게시판에서 새로운 게시물을 작성하려면 어떻게 해야 하나요?,"[게시판] 탭에서 새 게시글 작성이 가능합니다.

[게시판] > 원하는 카테고리 클릭 > 좌측 하단의 글쓰기 클릭 

단, FreeBaord 카테고리만 작성이 가능하며 이외 카테고리 글작성을 원하시는 경우 고객 상담사에게 문의 부탁드립니다."
게시판 글작성 메뉴는 어디에 있나요?,"[게시판] 탭에서 새 게시글 작성이 가능합니다.

[게시판] > 원하는 카테고리 클릭 > 좌측 하단의 글쓰기 클릭 

단, FreeBaord 카테고리만 작성이 가능하며 이외 카테고리 글작성을 원하시는 경우 고객 상담사에게 문의 부탁드립니다."
게시판에 글을 작성하려면 어디로 들어가야 하나요?,"[게시판] 탭에서 새 게시글 작성이 가능합니다.

[게시판] > 원하는 카테고리 클릭 > 좌측 하단의 글쓰기 클릭 

단, FreeBaord 카테고리만 작성이 가능하며 이외 카테고리 글작성을 원하시는 경우 고객 상담사에게 문의 부탁드립니다."
게시판 글쓰기 화면은 어떻게 열 수 있나요?,"[게시판] 탭에서 새 게시글 작성이 가능합니다.

[게시판] > 원하는 카테고리 클릭 > 좌측 하단의 글쓰기 클릭 

단, FreeBaord 카테고리만 작성이 가능하며 이외 카테고리 글작성을 원하시는 경우 고객 상담사에게 문의 부탁드립니다."
게시판에서 글을 게시하려면 어디를 클릭해야 하나요?,"[게시판] 탭에서 새 게시글 작성이 가능합니다.

[게시판] > 원하는 카테고리 클릭 > 좌측 하단의 글쓰기 클릭 

단, FreeBaord 카테고리만 작성이 가능하며 이외 카테고리 글작성을 원하시는 경우 고객 상담사에게 문의 부탁드립니다."
게시판에 게시글을 작성하려면 어떤 메뉴를 선택하면 되나요?,"[게시판] 탭에서 새 게시글 작성이 가능합니다.

[게시판] > 원하는 카테고리 클릭 > 좌측 하단의 글쓰기 클릭 

단, FreeBaord 카테고리만 작성이 가능하며 이외 카테고리 글작성을 원하시는 경우 고객 상담사에게 문의 부탁드립니다."
게시판에서 새 글을 쓰려면 어떤 절차를 따라야 하나요?,"[게시판] 탭에서 새 게시글 작성이 가능합니다.

[게시판] > 원하는 카테고리 클릭 > 좌측 하단의 글쓰기 클릭 

단, FreeBaord 카테고리만 작성이 가능하며 이외 카테고리 글작성을 원하시는 경우 고객 상담사에게 문의 부탁드립니다."
게시판에서 글쓰기 버튼은 어떻게 찾을 수 있나요?,"[게시판] 탭에서 새 게시글 작성이 가능합니다.

[게시판] > 원하는 카테고리 클릭 > 좌측 하단의 글쓰기 클릭 

단, FreeBaord 카테고리만 작성이 가능하며 이외 카테고리 글작성을 원하시는 경우 고객 상담사에게 문의 부탁드립니다."
게시판에 글을 올리기 위한 과정을 설명해 주세요.,"[게시판] 탭에서 새 게시글 작성이 가능합니다.

[게시판] > 원하는 카테고리 클릭 > 좌측 하단의 글쓰기 클릭 

단, FreeBaord 카테고리만 작성이 가능하며 이외 카테고리 글작성을 원하시는 경우 고객 상담사에게 문의 부탁드립니다."
게시판에서 새 글 작성을 시작하려면 어디로 가야 하나요?,"[게시판] 탭에서 새 게시글 작성이 가능합니다.

[게시판] > 원하는 카테고리 클릭 > 좌측 하단의 글쓰기 클릭 

단, FreeBaord 카테고리만 작성이 가능하며 이외 카테고리 글작성을 원하시는 경우 고객 상담사에게 문의 부탁드립니다."
게시판에서 글을 작성하는 단계는 무엇인가요?,"[게시판] 탭에서 새 게시글 작성이 가능합니다.

[게시판] > 원하는 카테고리 클릭 > 좌측 하단의 글쓰기 클릭 

단, FreeBaord 카테고리만 작성이 가능하며 이외 카테고리 글작성을 원하시는 경우 고객 상담사에게 문의 부탁드립니다."
게시판에서 글쓰기 옵션은 어디에서 찾을 수 있나요?,"[게시판] 탭에서 새 게시글 작성이 가능합니다.

[게시판] > 원하는 카테고리 클릭 > 좌측 하단의 글쓰기 클릭 

단, FreeBaord 카테고리만 작성이 가능하며 이외 카테고리 글작성을 원하시는 경우 고객 상담사에게 문의 부탁드립니다."
게시판 글쓰기를 시작하려면 어떤 화면으로 이동해야 하나요?,"[게시판] 탭에서 새 게시글 작성이 가능합니다.

[게시판] > 원하는 카테고리 클릭 > 좌측 하단의 글쓰기 클릭 

단, FreeBaord 카테고리만 작성이 가능하며 이외 카테고리 글작성을 원하시는 경우 고객 상담사에게 문의 부탁드립니다."
게시판에 글을 올리는 방법을 안내해 주세요.,"[게시판] 탭에서 새 게시글 작성이 가능합니다.

[게시판] > 원하는 카테고리 클릭 > 좌측 하단의 글쓰기 클릭 

단, FreeBaord 카테고리만 작성이 가능하며 이외 카테고리 글작성을 원하시는 경우 고객 상담사에게 문의 부탁드립니다."
게시판 글작성 화면은 어떻게 들어가나요?,"[게시판] 탭에서 새 게시글 작성이 가능합니다.

[게시판] > 원하는 카테고리 클릭 > 좌측 하단의 글쓰기 클릭 

단, FreeBaord 카테고리만 작성이 가능하며 이외 카테고리 글작성을 원하시는 경우 고객 상담사에게 문의 부탁드립니다."
게시판에서 글쓰기 메뉴는 어디에 있나요?,"[게시판] 탭에서 새 게시글 작성이 가능합니다.

[게시판] > 원하는 카테고리 클릭 > 좌측 하단의 글쓰기 클릭 

단, FreeBaord 카테고리만 작성이 가능하며 이외 카테고리 글작성을 원하시는 경우 고객 상담사에게 문의 부탁드립니다."
게시판에서 새 글을 작성하려면 어떤 메뉴를 눌러야 하나요?,"[게시판] 탭에서 새 게시글 작성이 가능합니다.

[게시판] > 원하는 카테고리 클릭 > 좌측 하단의 글쓰기 클릭 

단, FreeBaord 카테고리만 작성이 가능하며 이외 카테고리 글작성을 원하시는 경우 고객 상담사에게 문의 부탁드립니다."
게시판에서 글을 게시하려면 무엇을 클릭해야 하나요?,"[게시판] 탭에서 새 게시글 작성이 가능합니다.

[게시판] > 원하는 카테고리 클릭 > 좌측 하단의 글쓰기 클릭 

단, FreeBaord 카테고리만 작성이 가능하며 이외 카테고리 글작성을 원하시는 경우 고객 상담사에게 문의 부탁드립니다."
게시판 글쓰기를 위해 어떤 단계를 거쳐야 하나요?,"[게시판] 탭에서 새 게시글 작성이 가능합니다.

[게시판] > 원하는 카테고리 클릭 > 좌측 하단의 글쓰기 클릭 

단, FreeBaord 카테고리만 작성이 가능하며 이외 카테고리 글작성을 원하시는 경우 고객 상담사에게 문의 부탁드립니다."
게시판 글쓰기 버튼은 어디에서 확인할 수 있나요?,"[게시판] 탭에서 새 게시글 작성이 가능합니다.

[게시판] > 원하는 카테고리 클릭 > 좌측 하단의 글쓰기 클릭 

단, FreeBaord 카테고리만 작성이 가능하며 이외 카테고리 글작성을 원하시는 경우 고객 상담사에게 문의 부탁드립니다."
게시판 글 작성은 어떻게 시작하나요?,"[게시판] 탭에서 새 게시글 작성이 가능합니다.

[게시판] > 원하는 카테고리 클릭 > 좌측 하단의 글쓰기 클릭 

단, FreeBaord 카테고리만 작성이 가능하며 이외 카테고리 글작성을 원하시는 경우 고객 상담사에게 문의 부탁드립니다."
게시판에서 게시글을 작성하려면 어디로 들어가야 하나요?,"[게시판] 탭에서 새 게시글 작성이 가능합니다.

[게시판] > 원하는 카테고리 클릭 > 좌측 하단의 글쓰기 클릭 

단, FreeBaord 카테고리만 작성이 가능하며 이외 카테고리 글작성을 원하시는 경우 고객 상담사에게 문의 부탁드립니다."
게시판 글을 등록하려면 무엇을 해야 하나요?,"[게시판] 탭에서 새 게시글 작성이 가능합니다.

[게시판] > 원하는 카테고리 클릭 > 좌측 하단의 글쓰기 클릭 

단, FreeBaord 카테고리만 작성이 가능하며 이외 카테고리 글작성을 원하시는 경우 고객 상담사에게 문의 부탁드립니다."
게시판에서 글쓰기 메뉴를 찾으려면 어떻게 해야 하나요?,"[게시판] 탭에서 새 게시글 작성이 가능합니다.

[게시판] > 원하는 카테고리 클릭 > 좌측 하단의 글쓰기 클릭 

단, FreeBaord 카테고리만 작성이 가능하며 이외 카테고리 글작성을 원하시는 경우 고객 상담사에게 문의 부탁드립니다."
게시판에서 새 글 작성 메뉴는 어디에 있나요?,"[게시판] 탭에서 새 게시글 작성이 가능합니다.

[게시판] > 원하는 카테고리 클릭 > 좌측 하단의 글쓰기 클릭 

단, FreeBaord 카테고리만 작성이 가능하며 이외 카테고리 글작성을 원하시는 경우 고객 상담사에게 문의 부탁드립니다."
게시판 글쓰기를 시작하는 방법을 알려주세요.,"[게시판] 탭에서 새 게시글 작성이 가능합니다.

[게시판] > 원하는 카테고리 클릭 > 좌측 하단의 글쓰기 클릭 

단, FreeBaord 카테고리만 작성이 가능하며 이외 카테고리 글작성을 원하시는 경우 고객 상담사에게 문의 부탁드립니다."
게시판에서 글을 쓰는 과정을 안내해 주세요.,"[게시판] 탭에서 새 게시글 작성이 가능합니다.

[게시판] > 원하는 카테고리 클릭 > 좌측 하단의 글쓰기 클릭 

단, FreeBaord 카테고리만 작성이 가능하며 이외 카테고리 글작성을 원하시는 경우 고객 상담사에게 문의 부탁드립니다."
게시판에 새 글을 올리려면 무엇을 해야 하나요?,"[게시판] 탭에서 새 게시글 작성이 가능합니다.

[게시판] > 원하는 카테고리 클릭 > 좌측 하단의 글쓰기 클릭 

단, FreeBaord 카테고리만 작성이 가능하며 이외 카테고리 글작성을 원하시는 경우 고객 상담사에게 문의 부탁드립니다."
게시판 글을 작성하는 방법에 대해 알고 싶습니다.,"[게시판] 탭에서 새 게시글 작성이 가능합니다.

[게시판] > 원하는 카테고리 클릭 > 좌측 하단의 글쓰기 클릭 

단, FreeBaord 카테고리만 작성이 가능하며 이외 카테고리 글작성을 원하시는 경우 고객 상담사에게 문의 부탁드립니다."
게시판에서 새로운 게시글을 올리는 방법은 무엇인가요?,"[게시판] 탭에서 새 게시글 작성이 가능합니다.

[게시판] > 원하는 카테고리 클릭 > 좌측 하단의 글쓰기 클릭 

단, FreeBaord 카테고리만 작성이 가능하며 이외 카테고리 글작성을 원하시는 경우 고객 상담사에게 문의 부탁드립니다."
게시판 글쓰기를 하려면 어떤 메뉴를 선택해야 하나요?,"[게시판] 탭에서 새 게시글 작성이 가능합니다.

[게시판] > 원하는 카테고리 클릭 > 좌측 하단의 글쓰기 클릭 

단, FreeBaord 카테고리만 작성이 가능하며 이외 카테고리 글작성을 원하시는 경우 고객 상담사에게 문의 부탁드립니다."
게시판에 글을 작성하려면 어떤 메뉴로 이동해야 하나요?,"[게시판] 탭에서 새 게시글 작성이 가능합니다.

[게시판] > 원하는 카테고리 클릭 > 좌측 하단의 글쓰기 클릭 

단, FreeBaord 카테고리만 작성이 가능하며 이외 카테고리 글작성을 원하시는 경우 고객 상담사에게 문의 부탁드립니다."
게시판에서 글을 등록하려면 어디로 가야 하나요?,"[게시판] 탭에서 새 게시글 작성이 가능합니다.

[게시판] > 원하는 카테고리 클릭 > 좌측 하단의 글쓰기 클릭 

단, FreeBaord 카테고리만 작성이 가능하며 이외 카테고리 글작성을 원하시는 경우 고객 상담사에게 문의 부탁드립니다."
게시판에서 새 글을 작성하려면 어디를 클릭하면 되나요?,"[게시판] 탭에서 새 게시글 작성이 가능합니다.

[게시판] > 원하는 카테고리 클릭 > 좌측 하단의 글쓰기 클릭 

단, FreeBaord 카테고리만 작성이 가능하며 이외 카테고리 글작성을 원하시는 경우 고객 상담사에게 문의 부탁드립니다."
게시판 글 작성 버튼은 어디에서 찾을 수 있나요?,"[게시판] 탭에서 새 게시글 작성이 가능합니다.

[게시판] > 원하는 카테고리 클릭 > 좌측 하단의 글쓰기 클릭 

단, FreeBaord 카테고리만 작성이 가능하며 이외 카테고리 글작성을 원하시는 경우 고객 상담사에게 문의 부탁드립니다."
게시판에서 글을 쓰는 메뉴는 어디에 있나요?,"[게시판] 탭에서 새 게시글 작성이 가능합니다.

[게시판] > 원하는 카테고리 클릭 > 좌측 하단의 글쓰기 클릭 

단, FreeBaord 카테고리만 작성이 가능하며 이외 카테고리 글작성을 원하시는 경우 고객 상담사에게 문의 부탁드립니다."
게시판 글쓰기를 하려면 어떤 단계를 따라야 하나요?,"[게시판] 탭에서 새 게시글 작성이 가능합니다.

[게시판] > 원하는 카테고리 클릭 > 좌측 하단의 글쓰기 클릭 

단, FreeBaord 카테고리만 작성이 가능하며 이외 카테고리 글작성을 원하시는 경우 고객 상담사에게 문의 부탁드립니다."
게시판에 새 글을 게시하려면 어떤 메뉴로 들어가야 하나요?,"[게시판] 탭에서 새 게시글 작성이 가능합니다.

[게시판] > 원하는 카테고리 클릭 > 좌측 하단의 글쓰기 클릭 

단, FreeBaord 카테고리만 작성이 가능하며 이외 카테고리 글작성을 원하시는 경우 고객 상담사에게 문의 부탁드립니다."
게시판 글을 등록하는 절차는 무엇인가요?,"[게시판] 탭에서 새 게시글 작성이 가능합니다.

[게시판] > 원하는 카테고리 클릭 > 좌측 하단의 글쓰기 클릭 

단, FreeBaord 카테고리만 작성이 가능하며 이외 카테고리 글작성을 원하시는 경우 고객 상담사에게 문의 부탁드립니다."
게시판 글쓰기를 시작하려면 어떤 메뉴로 들어가야 하나요?,"[게시판] 탭에서 새 게시글 작성이 가능합니다.

[게시판] > 원하는 카테고리 클릭 > 좌측 하단의 글쓰기 클릭 

단, FreeBaord 카테고리만 작성이 가능하며 이외 카테고리 글작성을 원하시는 경우 고객 상담사에게 문의 부탁드립니다."
게시판에 글을 올리는 메뉴는 어디에 있나요?,"[게시판] 탭에서 새 게시글 작성이 가능합니다.

[게시판] > 원하는 카테고리 클릭 > 좌측 하단의 글쓰기 클릭 

단, FreeBaord 카테고리만 작성이 가능하며 이외 카테고리 글작성을 원하시는 경우 고객 상담사에게 문의 부탁드립니다."
게시판 글작성 버튼을 찾으려면 어떻게 해야 하나요?,"[게시판] 탭에서 새 게시글 작성이 가능합니다.

[게시판] > 원하는 카테고리 클릭 > 좌측 하단의 글쓰기 클릭 

단, FreeBaord 카테고리만 작성이 가능하며 이외 카테고리 글작성을 원하시는 경우 고객 상담사에게 문의 부탁드립니다."
게시판에서 새로운 게시글을 작성하려면 어떤 메뉴를 눌러야 하나요?,"[게시판] 탭에서 새 게시글 작성이 가능합니다.

[게시판] > 원하는 카테고리 클릭 > 좌측 하단의 글쓰기 클릭 

단, FreeBaord 카테고리만 작성이 가능하며 이외 카테고리 글작성을 원하시는 경우 고객 상담사에게 문의 부탁드립니다."
게시판에서 글쓰기 옵션을 어떻게 활성화하나요?,"[게시판] 탭에서 새 게시글 작성이 가능합니다.

[게시판] > 원하는 카테고리 클릭 > 좌측 하단의 글쓰기 클릭 

단, FreeBaord 카테고리만 작성이 가능하며 이외 카테고리 글작성을 원하시는 경우 고객 상담사에게 문의 부탁드립니다."
게시판 글쓰기 화면으로 어떻게 이동하나요?,"[게시판] 탭에서 새 게시글 작성이 가능합니다.

[게시판] > 원하는 카테고리 클릭 > 좌측 하단의 글쓰기 클릭 

단, FreeBaord 카테고리만 작성이 가능하며 이외 카테고리 글작성을 원하시는 경우 고객 상담사에게 문의 부탁드립니다."
게시판에서 새 글을 쓰려면 어떤 메뉴로 들어가야 하나요?,"[게시판] 탭에서 새 게시글 작성이 가능합니다.

[게시판] > 원하는 카테고리 클릭 > 좌측 하단의 글쓰기 클릭 

단, FreeBaord 카테고리만 작성이 가능하며 이외 카테고리 글작성을 원하시는 경우 고객 상담사에게 문의 부탁드립니다."
게시판 글 작성은 어떤 절차를 거쳐야 하나요?,"[게시판] 탭에서 새 게시글 작성이 가능합니다.

[게시판] > 원하는 카테고리 클릭 > 좌측 하단의 글쓰기 클릭 

단, FreeBaord 카테고리만 작성이 가능하며 이외 카테고리 글작성을 원하시는 경우 고객 상담사에게 문의 부탁드립니다."
게시판에 글을 등록하려면 무엇을 클릭해야 하나요?,"[게시판] 탭에서 새 게시글 작성이 가능합니다.

[게시판] > 원하는 카테고리 클릭 > 좌측 하단의 글쓰기 클릭 

단, FreeBaord 카테고리만 작성이 가능하며 이외 카테고리 글작성을 원하시는 경우 고객 상담사에게 문의 부탁드립니다."
게시판 글쓰기 버튼은 어디에서 확인할 수 있나요?,"[게시판] 탭에서 새 게시글 작성이 가능합니다.

[게시판] > 원하는 카테고리 클릭 > 좌측 하단의 글쓰기 클릭 

단, FreeBaord 카테고리만 작성이 가능하며 이외 카테고리 글작성을 원하시는 경우 고객 상담사에게 문의 부탁드립니다."
게시판 글을 작성하려면 어떤 메뉴를 사용해야 하나요?,"[게시판] 탭에서 새 게시글 작성이 가능합니다.

[게시판] > 원하는 카테고리 클릭 > 좌측 하단의 글쓰기 클릭 

단, FreeBaord 카테고리만 작성이 가능하며 이외 카테고리 글작성을 원하시는 경우 고객 상담사에게 문의 부탁드립니다."
게시판에서 새 글 작성을 시작하려면 어떤 단계를 따라야 하나요?,"[게시판] 탭에서 새 게시글 작성이 가능합니다.

[게시판] > 원하는 카테고리 클릭 > 좌측 하단의 글쓰기 클릭 

단, FreeBaord 카테고리만 작성이 가능하며 이외 카테고리 글작성을 원하시는 경우 고객 상담사에게 문의 부탁드립니다."
게시판 글쓰기를 시작하려면 어떤 메뉴로 접근해야 하나요?,"[게시판] 탭에서 새 게시글 작성이 가능합니다.

[게시판] > 원하는 카테고리 클릭 > 좌측 하단의 글쓰기 클릭 

단, FreeBaord 카테고리만 작성이 가능하며 이외 카테고리 글작성을 원하시는 경우 고객 상담사에게 문의 부탁드립니다."
게시판에 글을 올리기 위해 무엇을 해야 하나요?,"[게시판] 탭에서 새 게시글 작성이 가능합니다.

[게시판] > 원하는 카테고리 클릭 > 좌측 하단의 글쓰기 클릭 

단, FreeBaord 카테고리만 작성이 가능하며 이외 카테고리 글작성을 원하시는 경우 고객 상담사에게 문의 부탁드립니다."
게시판 글을 작성하려면 어디에서 시작해야 하나요?,"[게시판] 탭에서 새 게시글 작성이 가능합니다.

[게시판] > 원하는 카테고리 클릭 > 좌측 하단의 글쓰기 클릭 

단, FreeBaord 카테고리만 작성이 가능하며 이외 카테고리 글작성을 원하시는 경우 고객 상담사에게 문의 부탁드립니다."
게시판 글 작성 메뉴는 어디에서 확인할 수 있나요?,"[게시판] 탭에서 새 게시글 작성이 가능합니다.

[게시판] > 원하는 카테고리 클릭 > 좌측 하단의 글쓰기 클릭 

단, FreeBaord 카테고리만 작성이 가능하며 이외 카테고리 글작성을 원하시는 경우 고객 상담사에게 문의 부탁드립니다."
게시판에서 글을 작성하는 방법은 어떤가요?,"[게시판] 탭에서 새 게시글 작성이 가능합니다.

[게시판] > 원하는 카테고리 클릭 > 좌측 하단의 글쓰기 클릭 

단, FreeBaord 카테고리만 작성이 가능하며 이외 카테고리 글작성을 원하시는 경우 고객 상담사에게 문의 부탁드립니다."
게시판에 새 글을 올리기 위한 절차를 알려주세요.,"[게시판] 탭에서 새 게시글 작성이 가능합니다.

[게시판] > 원하는 카테고리 클릭 > 좌측 하단의 글쓰기 클릭 

단, FreeBaord 카테고리만 작성이 가능하며 이외 카테고리 글작성을 원하시는 경우 고객 상담사에게 문의 부탁드립니다."
게시판 글쓰기를 하려면 어떤 화면으로 가야 하나요?,"[게시판] 탭에서 새 게시글 작성이 가능합니다.

[게시판] > 원하는 카테고리 클릭 > 좌측 하단의 글쓰기 클릭 

단, FreeBaord 카테고리만 작성이 가능하며 이외 카테고리 글작성을 원하시는 경우 고객 상담사에게 문의 부탁드립니다."
게시판 글 작성 버튼은 어디에 위치해 있나요?,"[게시판] 탭에서 새 게시글 작성이 가능합니다.

[게시판] > 원하는 카테고리 클릭 > 좌측 하단의 글쓰기 클릭 

단, FreeBaord 카테고리만 작성이 가능하며 이외 카테고리 글작성을 원하시는 경우 고객 상담사에게 문의 부탁드립니다."
게시판에서 글쓰기 절차는 어떻게 진행되나요?,"[게시판] 탭에서 새 게시글 작성이 가능합니다.

[게시판] > 원하는 카테고리 클릭 > 좌측 하단의 글쓰기 클릭 

단, FreeBaord 카테고리만 작성이 가능하며 이외 카테고리 글작성을 원하시는 경우 고객 상담사에게 문의 부탁드립니다."
게시판에서 글을 게시하려면 어떤 메뉴로 접근해야 하나요?,"[게시판] 탭에서 새 게시글 작성이 가능합니다.

[게시판] > 원하는 카테고리 클릭 > 좌측 하단의 글쓰기 클릭 

단, FreeBaord 카테고리만 작성이 가능하며 이외 카테고리 글작성을 원하시는 경우 고객 상담사에게 문의 부탁드립니다."
게시판 글작성을 시작하려면 어디로 가야 하나요?,"[게시판] 탭에서 새 게시글 작성이 가능합니다.

[게시판] > 원하는 카테고리 클릭 > 좌측 하단의 글쓰기 클릭 

단, FreeBaord 카테고리만 작성이 가능하며 이외 카테고리 글작성을 원하시는 경우 고객 상담사에게 문의 부탁드립니다."
게시판에서 새로운 게시글을 작성하려면 어떻게 해야 하나요?,"[게시판] 탭에서 새 게시글 작성이 가능합니다.

[게시판] > 원하는 카테고리 클릭 > 좌측 하단의 글쓰기 클릭 

단, FreeBaord 카테고리만 작성이 가능하며 이외 카테고리 글작성을 원하시는 경우 고객 상담사에게 문의 부탁드립니다."
게시판 글을 등록하려면 어떤 메뉴를 클릭해야 하나요?,"[게시판] 탭에서 새 게시글 작성이 가능합니다.

[게시판] > 원하는 카테고리 클릭 > 좌측 하단의 글쓰기 클릭 

단, FreeBaord 카테고리만 작성이 가능하며 이외 카테고리 글작성을 원하시는 경우 고객 상담사에게 문의 부탁드립니다."
게시판에서 새 글을 작성하는 절차는 무엇인가요?,"[게시판] 탭에서 새 게시글 작성이 가능합니다.

[게시판] > 원하는 카테고리 클릭 > 좌측 하단의 글쓰기 클릭 

단, FreeBaord 카테고리만 작성이 가능하며 이외 카테고리 글작성을 원하시는 경우 고객 상담사에게 문의 부탁드립니다."
게시판 글쓰기 버튼은 어디에서 확인할 수 있나요?,"[게시판] 탭에서 새 게시글 작성이 가능합니다.

[게시판] > 원하는 카테고리 클릭 > 좌측 하단의 글쓰기 클릭 

단, FreeBaord 카테고리만 작성이 가능하며 이외 카테고리 글작성을 원하시는 경우 고객 상담사에게 문의 부탁드립니다."
게시판 글 작성은 어떤 단계를 거쳐야 하나요?,"[게시판] 탭에서 새 게시글 작성이 가능합니다.

[게시판] > 원하는 카테고리 클릭 > 좌측 하단의 글쓰기 클릭 

단, FreeBaord 카테고리만 작성이 가능하며 이외 카테고리 글작성을 원하시는 경우 고객 상담사에게 문의 부탁드립니다."
게시판에서 새 글을 올리는 메뉴는 어디에 있나요?,"[게시판] 탭에서 새 게시글 작성이 가능합니다.

[게시판] > 원하는 카테고리 클릭 > 좌측 하단의 글쓰기 클릭 

단, FreeBaord 카테고리만 작성이 가능하며 이외 카테고리 글작성을 원하시는 경우 고객 상담사에게 문의 부탁드립니다."
게시판 글을 작성하려면 어디에서 시작해야 하나요?,"[게시판] 탭에서 새 게시글 작성이 가능합니다.

[게시판] > 원하는 카테고리 클릭 > 좌측 하단의 글쓰기 클릭 

단, FreeBaord 카테고리만 작성이 가능하며 이외 카테고리 글작성을 원하시는 경우 고객 상담사에게 문의 부탁드립니다."
게시판 글 작성 메뉴는 어떻게 찾을 수 있나요?,"[게시판] 탭에서 새 게시글 작성이 가능합니다.

[게시판] > 원하는 카테고리 클릭 > 좌측 하단의 글쓰기 클릭 

단, FreeBaord 카테고리만 작성이 가능하며 이외 카테고리 글작성을 원하시는 경우 고객 상담사에게 문의 부탁드립니다."
게시판에서 새 글 작성을 시작하려면 어떻게 해야 하나요?,"[게시판] 탭에서 새 게시글 작성이 가능합니다.

[게시판] > 원하는 카테고리 클릭 > 좌측 하단의 글쓰기 클릭 

단, FreeBaord 카테고리만 작성이 가능하며 이외 카테고리 글작성을 원하시는 경우 고객 상담사에게 문의 부탁드립니다."
게시판 글쓰기를 위해 어떤 메뉴를 선택해야 하나요?,"[게시판] 탭에서 새 게시글 작성이 가능합니다.

[게시판] > 원하는 카테고리 클릭 > 좌측 하단의 글쓰기 클릭 

단, FreeBaord 카테고리만 작성이 가능하며 이외 카테고리 글작성을 원하시는 경우 고객 상담사에게 문의 부탁드립니다."
게시판 글작성 버튼은 어떻게 찾을 수 있나요?,"[게시판] 탭에서 새 게시글 작성이 가능합니다.

[게시판] > 원하는 카테고리 클릭 > 좌측 하단의 글쓰기 클릭 

단, FreeBaord 카테고리만 작성이 가능하며 이외 카테고리 글작성을 원하시는 경우 고객 상담사에게 문의 부탁드립니다."
게시판에서 글을 작성하려면 어디로 들어가야 하나요?,"[게시판] 탭에서 새 게시글 작성이 가능합니다.

[게시판] > 원하는 카테고리 클릭 > 좌측 하단의 글쓰기 클릭 

단, FreeBaord 카테고리만 작성이 가능하며 이외 카테고리 글작성을 원하시는 경우 고객 상담사에게 문의 부탁드립니다."
게시판에서 글쓰기 메뉴는 어디에 있나요?,"[게시판] 탭에서 새 게시글 작성이 가능합니다.

[게시판] > 원하는 카테고리 클릭 > 좌측 하단의 글쓰기 클릭 

단, FreeBaord 카테고리만 작성이 가능하며 이외 카테고리 글작성을 원하시는 경우 고객 상담사에게 문의 부탁드립니다."
게시판 글 작성은 어떤 과정을 거쳐야 하나요?,"[게시판] 탭에서 새 게시글 작성이 가능합니다.

[게시판] > 원하는 카테고리 클릭 > 좌측 하단의 글쓰기 클릭 

단, FreeBaord 카테고리만 작성이 가능하며 이외 카테고리 글작성을 원하시는 경우 고객 상담사에게 문의 부탁드립니다."
게시판에 새 글을 올리려면 무엇을 클릭해야 하나요?,"[게시판] 탭에서 새 게시글 작성이 가능합니다.

[게시판] > 원하는 카테고리 클릭 > 좌측 하단의 글쓰기 클릭 

단, FreeBaord 카테고리만 작성이 가능하며 이외 카테고리 글작성을 원하시는 경우 고객 상담사에게 문의 부탁드립니다."
게시판 글쓰기 화면은 어떻게 열 수 있나요?,"[게시판] 탭에서 새 게시글 작성이 가능합니다.

[게시판] > 원하는 카테고리 클릭 > 좌측 하단의 글쓰기 클릭 

단, FreeBaord 카테고리만 작성이 가능하며 이외 카테고리 글작성을 원하시는 경우 고객 상담사에게 문의 부탁드립니다."
게시판에서 글을 작성하려면 어떤 메뉴를 선택해야 하나요?,"[게시판] 탭에서 새 게시글 작성이 가능합니다.

[게시판] > 원하는 카테고리 클릭 > 좌측 하단의 글쓰기 클릭 

단, FreeBaord 카테고리만 작성이 가능하며 이외 카테고리 글작성을 원하시는 경우 고객 상담사에게 문의 부탁드립니다."
게시판 글 작성 버튼은 어디에서 찾을 수 있나요?,"[게시판] 탭에서 새 게시글 작성이 가능합니다.

[게시판] > 원하는 카테고리 클릭 > 좌측 하단의 글쓰기 클릭 

단, FreeBaord 카테고리만 작성이 가능하며 이외 카테고리 글작성을 원하시는 경우 고객 상담사에게 문의 부탁드립니다."
병원 등록을 하려면 어떤 절차를 거쳐야 하나요?,"[병원등록] 탭에서 병원등록이 가능하며, 의사 회원만 이용 가능합니다.

[병원등록] > 요구 내용 작성 > 병원등록 클릭 

병원등록을 위해서 필요한 서류 검토 후 등록승인 시, 병원 코드가 발급됩니다.
(필요 서류는 [병원등록] 탭에서 확인 가능합니다.)"
병원 등록은 어디에서 어떻게 진행되나요?,"[병원등록] 탭에서 병원등록이 가능하며, 의사 회원만 이용 가능합니다.

[병원등록] > 요구 내용 작성 > 병원등록 클릭 

병원등록을 위해서 필요한 서류 검토 후 등록승인 시, 병원 코드가 발급됩니다.
(필요 서류는 [병원등록] 탭에서 확인 가능합니다.)"
병원 등록 절차를 알려주세요.,"[병원등록] 탭에서 병원등록이 가능하며, 의사 회원만 이용 가능합니다.

[병원등록] > 요구 내용 작성 > 병원등록 클릭 

병원등록을 위해서 필요한 서류 검토 후 등록승인 시, 병원 코드가 발급됩니다.
(필요 서류는 [병원등록] 탭에서 확인 가능합니다.)"
병원 등록을 처음 할 때는 무엇을 해야 하나요?,"[병원등록] 탭에서 병원등록이 가능하며, 의사 회원만 이용 가능합니다.

[병원등록] > 요구 내용 작성 > 병원등록 클릭 

병원등록을 위해서 필요한 서류 검토 후 등록승인 시, 병원 코드가 발급됩니다.
(필요 서류는 [병원등록] 탭에서 확인 가능합니다.)"
병원 등록을 하려면 어떤 서류가 필요하나요?,"[병원등록] 탭에서 병원등록이 가능하며, 의사 회원만 이용 가능합니다.

[병원등록] > 요구 내용 작성 > 병원등록 클릭 

병원등록을 위해서 필요한 서류 검토 후 등록승인 시, 병원 코드가 발급됩니다.
(필요 서류는 [병원등록] 탭에서 확인 가능합니다.)"
병원에 등록하려면 어떤 단계를 따라야 하나요?,"[병원등록] 탭에서 병원등록이 가능하며, 의사 회원만 이용 가능합니다.

[병원등록] > 요구 내용 작성 > 병원등록 클릭 

병원등록을 위해서 필요한 서류 검토 후 등록승인 시, 병원 코드가 발급됩니다.
(필요 서류는 [병원등록] 탭에서 확인 가능합니다.)"
병원 등록은 어디에서 시작해야 하나요?,"[병원등록] 탭에서 병원등록이 가능하며, 의사 회원만 이용 가능합니다.

[병원등록] > 요구 내용 작성 > 병원등록 클릭 

병원등록을 위해서 필요한 서류 검토 후 등록승인 시, 병원 코드가 발급됩니다.
(필요 서류는 [병원등록] 탭에서 확인 가능합니다.)"
병원 등록 신청은 어떻게 하나요?,"[병원등록] 탭에서 병원등록이 가능하며, 의사 회원만 이용 가능합니다.

[병원등록] > 요구 내용 작성 > 병원등록 클릭 

병원등록을 위해서 필요한 서류 검토 후 등록승인 시, 병원 코드가 발급됩니다.
(필요 서류는 [병원등록] 탭에서 확인 가능합니다.)"
병원 등록을 하려면 어디로 가야 하나요?,"[병원등록] 탭에서 병원등록이 가능하며, 의사 회원만 이용 가능합니다.

[병원등록] > 요구 내용 작성 > 병원등록 클릭 

병원등록을 위해서 필요한 서류 검토 후 등록승인 시, 병원 코드가 발급됩니다.
(필요 서류는 [병원등록] 탭에서 확인 가능합니다.)"
병원 등록 과정은 어떻게 진행되나요?,"[병원등록] 탭에서 병원등록이 가능하며, 의사 회원만 이용 가능합니다.

[병원등록] > 요구 내용 작성 > 병원등록 클릭 

병원등록을 위해서 필요한 서류 검토 후 등록승인 시, 병원 코드가 발급됩니다.
(필요 서류는 [병원등록] 탭에서 확인 가능합니다.)"
병원에 등록하려면 어떤 정보를 제공해야 하나요?,"[병원등록] 탭에서 병원등록이 가능하며, 의사 회원만 이용 가능합니다.

[병원등록] > 요구 내용 작성 > 병원등록 클릭 

병원등록을 위해서 필요한 서류 검토 후 등록승인 시, 병원 코드가 발급됩니다.
(필요 서류는 [병원등록] 탭에서 확인 가능합니다.)"
병원 등록 신청서를 어디서 작성하나요?,"[병원등록] 탭에서 병원등록이 가능하며, 의사 회원만 이용 가능합니다.

[병원등록] > 요구 내용 작성 > 병원등록 클릭 

병원등록을 위해서 필요한 서류 검토 후 등록승인 시, 병원 코드가 발급됩니다.
(필요 서류는 [병원등록] 탭에서 확인 가능합니다.)"
병원 등록 방법을 알려주세요.,"[병원등록] 탭에서 병원등록이 가능하며, 의사 회원만 이용 가능합니다.

[병원등록] > 요구 내용 작성 > 병원등록 클릭 

병원등록을 위해서 필요한 서류 검토 후 등록승인 시, 병원 코드가 발급됩니다.
(필요 서류는 [병원등록] 탭에서 확인 가능합니다.)"
병원 등록은 어떤 서류를 준비해야 하나요?,"[병원등록] 탭에서 병원등록이 가능하며, 의사 회원만 이용 가능합니다.

[병원등록] > 요구 내용 작성 > 병원등록 클릭 

병원등록을 위해서 필요한 서류 검토 후 등록승인 시, 병원 코드가 발급됩니다.
(필요 서류는 [병원등록] 탭에서 확인 가능합니다.)"
병원 등록을 완료하려면 무엇을 해야 하나요?,"[병원등록] 탭에서 병원등록이 가능하며, 의사 회원만 이용 가능합니다.

[병원등록] > 요구 내용 작성 > 병원등록 클릭 

병원등록을 위해서 필요한 서류 검토 후 등록승인 시, 병원 코드가 발급됩니다.
(필요 서류는 [병원등록] 탭에서 확인 가능합니다.)"
병원 등록 신청은 어디에서 할 수 있나요?,"[병원등록] 탭에서 병원등록이 가능하며, 의사 회원만 이용 가능합니다.

[병원등록] > 요구 내용 작성 > 병원등록 클릭 

병원등록을 위해서 필요한 서류 검토 후 등록승인 시, 병원 코드가 발급됩니다.
(필요 서류는 [병원등록] 탭에서 확인 가능합니다.)"
병원 등록을 시작하려면 무엇을 준비해야 하나요?,"[병원등록] 탭에서 병원등록이 가능하며, 의사 회원만 이용 가능합니다.

[병원등록] > 요구 내용 작성 > 병원등록 클릭 

병원등록을 위해서 필요한 서류 검토 후 등록승인 시, 병원 코드가 발급됩니다.
(필요 서류는 [병원등록] 탭에서 확인 가능합니다.)"
병원 등록을 하려면 먼저 어떤 절차가 필요한가요?,"[병원등록] 탭에서 병원등록이 가능하며, 의사 회원만 이용 가능합니다.

[병원등록] > 요구 내용 작성 > 병원등록 클릭 

병원등록을 위해서 필요한 서류 검토 후 등록승인 시, 병원 코드가 발급됩니다.
(필요 서류는 [병원등록] 탭에서 확인 가능합니다.)"
병원 등록은 몇 단계로 이루어지나요?,"[병원등록] 탭에서 병원등록이 가능하며, 의사 회원만 이용 가능합니다.

[병원등록] > 요구 내용 작성 > 병원등록 클릭 

병원등록을 위해서 필요한 서류 검토 후 등록승인 시, 병원 코드가 발급됩니다.
(필요 서류는 [병원등록] 탭에서 확인 가능합니다.)"
병원 등록 서류는 어디서 제출해야 하나요?,"[병원등록] 탭에서 병원등록이 가능하며, 의사 회원만 이용 가능합니다.

[병원등록] > 요구 내용 작성 > 병원등록 클릭 

병원등록을 위해서 필요한 서류 검토 후 등록승인 시, 병원 코드가 발급됩니다.
(필요 서류는 [병원등록] 탭에서 확인 가능합니다.)"
병원 등록을 진행하려면 어떤 문서를 가져가야 하나요?,"[병원등록] 탭에서 병원등록이 가능하며, 의사 회원만 이용 가능합니다.

[병원등록] > 요구 내용 작성 > 병원등록 클릭 

병원등록을 위해서 필요한 서류 검토 후 등록승인 시, 병원 코드가 발급됩니다.
(필요 서류는 [병원등록] 탭에서 확인 가능합니다.)"
병원 등록 절차에 대해 안내받으려면 어디로 가야 하나요?,"[병원등록] 탭에서 병원등록이 가능하며, 의사 회원만 이용 가능합니다.

[병원등록] > 요구 내용 작성 > 병원등록 클릭 

병원등록을 위해서 필요한 서류 검토 후 등록승인 시, 병원 코드가 발급됩니다.
(필요 서류는 [병원등록] 탭에서 확인 가능합니다.)"
병원 등록을 위한 정보는 어디에서 찾을 수 있나요?,"[병원등록] 탭에서 병원등록이 가능하며, 의사 회원만 이용 가능합니다.

[병원등록] > 요구 내용 작성 > 병원등록 클릭 

병원등록을 위해서 필요한 서류 검토 후 등록승인 시, 병원 코드가 발급됩니다.
(필요 서류는 [병원등록] 탭에서 확인 가능합니다.)"
병원 등록 신청 양식은 어디서 구할 수 있나요?,"[병원등록] 탭에서 병원등록이 가능하며, 의사 회원만 이용 가능합니다.

[병원등록] > 요구 내용 작성 > 병원등록 클릭 

병원등록을 위해서 필요한 서류 검토 후 등록승인 시, 병원 코드가 발급됩니다.
(필요 서류는 [병원등록] 탭에서 확인 가능합니다.)"
병원 등록 절차는 어떻게 시작하나요?,"[병원등록] 탭에서 병원등록이 가능하며, 의사 회원만 이용 가능합니다.

[병원등록] > 요구 내용 작성 > 병원등록 클릭 

병원등록을 위해서 필요한 서류 검토 후 등록승인 시, 병원 코드가 발급됩니다.
(필요 서류는 [병원등록] 탭에서 확인 가능합니다.)"
병원 등록을 위한 첫 단계는 무엇인가요?,"[병원등록] 탭에서 병원등록이 가능하며, 의사 회원만 이용 가능합니다.

[병원등록] > 요구 내용 작성 > 병원등록 클릭 

병원등록을 위해서 필요한 서류 검토 후 등록승인 시, 병원 코드가 발급됩니다.
(필요 서류는 [병원등록] 탭에서 확인 가능합니다.)"
병원 등록 서류는 어떤 종류가 필요한가요?,"[병원등록] 탭에서 병원등록이 가능하며, 의사 회원만 이용 가능합니다.

[병원등록] > 요구 내용 작성 > 병원등록 클릭 

병원등록을 위해서 필요한 서류 검토 후 등록승인 시, 병원 코드가 발급됩니다.
(필요 서류는 [병원등록] 탭에서 확인 가능합니다.)"
병원 등록 신청은 온라인으로 가능한가요?,"[병원등록] 탭에서 병원등록이 가능하며, 의사 회원만 이용 가능합니다.

[병원등록] > 요구 내용 작성 > 병원등록 클릭 

병원등록을 위해서 필요한 서류 검토 후 등록승인 시, 병원 코드가 발급됩니다.
(필요 서류는 [병원등록] 탭에서 확인 가능합니다.)"
병원 등록 방법에 대해 설명해주세요.,"[병원등록] 탭에서 병원등록이 가능하며, 의사 회원만 이용 가능합니다.

[병원등록] > 요구 내용 작성 > 병원등록 클릭 

병원등록을 위해서 필요한 서류 검토 후 등록승인 시, 병원 코드가 발급됩니다.
(필요 서류는 [병원등록] 탭에서 확인 가능합니다.)"
병원 등록을 하기 위해서는 무엇이 필요하나요?,"[병원등록] 탭에서 병원등록이 가능하며, 의사 회원만 이용 가능합니다.

[병원등록] > 요구 내용 작성 > 병원등록 클릭 

병원등록을 위해서 필요한 서류 검토 후 등록승인 시, 병원 코드가 발급됩니다.
(필요 서류는 [병원등록] 탭에서 확인 가능합니다.)"
병원 등록을 시작하려면 어디로 가야 하나요?,"[병원등록] 탭에서 병원등록이 가능하며, 의사 회원만 이용 가능합니다.

[병원등록] > 요구 내용 작성 > 병원등록 클릭 

병원등록을 위해서 필요한 서류 검토 후 등록승인 시, 병원 코드가 발급됩니다.
(필요 서류는 [병원등록] 탭에서 확인 가능합니다.)"
병원 등록 서류는 어디에서 제출하나요?,"[병원등록] 탭에서 병원등록이 가능하며, 의사 회원만 이용 가능합니다.

[병원등록] > 요구 내용 작성 > 병원등록 클릭 

병원등록을 위해서 필요한 서류 검토 후 등록승인 시, 병원 코드가 발급됩니다.
(필요 서류는 [병원등록] 탭에서 확인 가능합니다.)"
병원 등록 과정에 대해 설명해주세요.,"[병원등록] 탭에서 병원등록이 가능하며, 의사 회원만 이용 가능합니다.

[병원등록] > 요구 내용 작성 > 병원등록 클릭 

병원등록을 위해서 필요한 서류 검토 후 등록승인 시, 병원 코드가 발급됩니다.
(필요 서류는 [병원등록] 탭에서 확인 가능합니다.)"
병원 등록 신청을 할 때 필요한 준비물은 무엇인가요?,"[병원등록] 탭에서 병원등록이 가능하며, 의사 회원만 이용 가능합니다.

[병원등록] > 요구 내용 작성 > 병원등록 클릭 

병원등록을 위해서 필요한 서류 검토 후 등록승인 시, 병원 코드가 발급됩니다.
(필요 서류는 [병원등록] 탭에서 확인 가능합니다.)"
병원 등록은 어디에서 시작하나요?,"[병원등록] 탭에서 병원등록이 가능하며, 의사 회원만 이용 가능합니다.

[병원등록] > 요구 내용 작성 > 병원등록 클릭 

병원등록을 위해서 필요한 서류 검토 후 등록승인 시, 병원 코드가 발급됩니다.
(필요 서류는 [병원등록] 탭에서 확인 가능합니다.)"
병원 등록 신청서를 작성하려면 어떻게 해야 하나요?,"[병원등록] 탭에서 병원등록이 가능하며, 의사 회원만 이용 가능합니다.

[병원등록] > 요구 내용 작성 > 병원등록 클릭 

병원등록을 위해서 필요한 서류 검토 후 등록승인 시, 병원 코드가 발급됩니다.
(필요 서류는 [병원등록] 탭에서 확인 가능합니다.)"
병원 등록을 위해 필요한 정보는 어디에서 확인할 수 있나요?,"[병원등록] 탭에서 병원등록이 가능하며, 의사 회원만 이용 가능합니다.

[병원등록] > 요구 내용 작성 > 병원등록 클릭 

병원등록을 위해서 필요한 서류 검토 후 등록승인 시, 병원 코드가 발급됩니다.
(필요 서류는 [병원등록] 탭에서 확인 가능합니다.)"
병원 등록을 하려면 어디서 신청해야 하나요?,"[병원등록] 탭에서 병원등록이 가능하며, 의사 회원만 이용 가능합니다.

[병원등록] > 요구 내용 작성 > 병원등록 클릭 

병원등록을 위해서 필요한 서류 검토 후 등록승인 시, 병원 코드가 발급됩니다.
(필요 서류는 [병원등록] 탭에서 확인 가능합니다.)"
병원 등록 신청 방법을 알려주세요.,"[병원등록] 탭에서 병원등록이 가능하며, 의사 회원만 이용 가능합니다.

[병원등록] > 요구 내용 작성 > 병원등록 클릭 

병원등록을 위해서 필요한 서류 검토 후 등록승인 시, 병원 코드가 발급됩니다.
(필요 서류는 [병원등록] 탭에서 확인 가능합니다.)"
병원 등록을 하려면 어떤 단계를 따라야 하나요?,"[병원등록] 탭에서 병원등록이 가능하며, 의사 회원만 이용 가능합니다.

[병원등록] > 요구 내용 작성 > 병원등록 클릭 

병원등록을 위해서 필요한 서류 검토 후 등록승인 시, 병원 코드가 발급됩니다.
(필요 서류는 [병원등록] 탭에서 확인 가능합니다.)"
병원 등록을 위해 어떤 서류를 준비해야 하나요?,"[병원등록] 탭에서 병원등록이 가능하며, 의사 회원만 이용 가능합니다.

[병원등록] > 요구 내용 작성 > 병원등록 클릭 

병원등록을 위해서 필요한 서류 검토 후 등록승인 시, 병원 코드가 발급됩니다.
(필요 서류는 [병원등록] 탭에서 확인 가능합니다.)"
병원 등록 신청서 작성 방법은 어떻게 되나요?,"[병원등록] 탭에서 병원등록이 가능하며, 의사 회원만 이용 가능합니다.

[병원등록] > 요구 내용 작성 > 병원등록 클릭 

병원등록을 위해서 필요한 서류 검토 후 등록승인 시, 병원 코드가 발급됩니다.
(필요 서류는 [병원등록] 탭에서 확인 가능합니다.)"
병원 등록을 위해 제공해야 하는 정보는 무엇인가요?,"[병원등록] 탭에서 병원등록이 가능하며, 의사 회원만 이용 가능합니다.

[병원등록] > 요구 내용 작성 > 병원등록 클릭 

병원등록을 위해서 필요한 서류 검토 후 등록승인 시, 병원 코드가 발급됩니다.
(필요 서류는 [병원등록] 탭에서 확인 가능합니다.)"
병원 등록 절차는 몇 단계로 이루어져 있나요?,"[병원등록] 탭에서 병원등록이 가능하며, 의사 회원만 이용 가능합니다.

[병원등록] > 요구 내용 작성 > 병원등록 클릭 

병원등록을 위해서 필요한 서류 검토 후 등록승인 시, 병원 코드가 발급됩니다.
(필요 서류는 [병원등록] 탭에서 확인 가능합니다.)"
병원 등록 신청을 완료하려면 무엇을 해야 하나요?,"[병원등록] 탭에서 병원등록이 가능하며, 의사 회원만 이용 가능합니다.

[병원등록] > 요구 내용 작성 > 병원등록 클릭 

병원등록을 위해서 필요한 서류 검토 후 등록승인 시, 병원 코드가 발급됩니다.
(필요 서류는 [병원등록] 탭에서 확인 가능합니다.)"
병원 등록 신청서를 작성하려면 어디로 가야 하나요?,"[병원등록] 탭에서 병원등록이 가능하며, 의사 회원만 이용 가능합니다.

[병원등록] > 요구 내용 작성 > 병원등록 클릭 

병원등록을 위해서 필요한 서류 검토 후 등록승인 시, 병원 코드가 발급됩니다.
(필요 서류는 [병원등록] 탭에서 확인 가능합니다.)"
병원 등록 과정은 몇 단계로 구성되어 있나요?,"[병원등록] 탭에서 병원등록이 가능하며, 의사 회원만 이용 가능합니다.

[병원등록] > 요구 내용 작성 > 병원등록 클릭 

병원등록을 위해서 필요한 서류 검토 후 등록승인 시, 병원 코드가 발급됩니다.
(필요 서류는 [병원등록] 탭에서 확인 가능합니다.)"
병원 등록 서류를 어디에서 제출해야 하나요?,"[병원등록] 탭에서 병원등록이 가능하며, 의사 회원만 이용 가능합니다.

[병원등록] > 요구 내용 작성 > 병원등록 클릭 

병원등록을 위해서 필요한 서류 검토 후 등록승인 시, 병원 코드가 발급됩니다.
(필요 서류는 [병원등록] 탭에서 확인 가능합니다.)"
병원 등록 신청을 위해 필요한 서류는 무엇인가요?,"[병원등록] 탭에서 병원등록이 가능하며, 의사 회원만 이용 가능합니다.

[병원등록] > 요구 내용 작성 > 병원등록 클릭 

병원등록을 위해서 필요한 서류 검토 후 등록승인 시, 병원 코드가 발급됩니다.
(필요 서류는 [병원등록] 탭에서 확인 가능합니다.)"
병원 등록을 하려면 어디에서 시작해야 하나요?,"[병원등록] 탭에서 병원등록이 가능하며, 의사 회원만 이용 가능합니다.

[병원등록] > 요구 내용 작성 > 병원등록 클릭 

병원등록을 위해서 필요한 서류 검토 후 등록승인 시, 병원 코드가 발급됩니다.
(필요 서류는 [병원등록] 탭에서 확인 가능합니다.)"
병원 등록을 하기 위한 첫 번째 단계는 무엇인가요?,"[병원등록] 탭에서 병원등록이 가능하며, 의사 회원만 이용 가능합니다.

[병원등록] > 요구 내용 작성 > 병원등록 클릭 

병원등록을 위해서 필요한 서류 검토 후 등록승인 시, 병원 코드가 발급됩니다.
(필요 서류는 [병원등록] 탭에서 확인 가능합니다.)"
병원 등록 신청 방법을 안내해주세요.,"[병원등록] 탭에서 병원등록이 가능하며, 의사 회원만 이용 가능합니다.

[병원등록] > 요구 내용 작성 > 병원등록 클릭 

병원등록을 위해서 필요한 서류 검토 후 등록승인 시, 병원 코드가 발급됩니다.
(필요 서류는 [병원등록] 탭에서 확인 가능합니다.)"
병원 등록 신청서를 작성하는 방법은 무엇인가요?,"[병원등록] 탭에서 병원등록이 가능하며, 의사 회원만 이용 가능합니다.

[병원등록] > 요구 내용 작성 > 병원등록 클릭 

병원등록을 위해서 필요한 서류 검토 후 등록승인 시, 병원 코드가 발급됩니다.
(필요 서류는 [병원등록] 탭에서 확인 가능합니다.)"
병원 등록 서류를 제출하려면 어디로 가야 하나요?,"[병원등록] 탭에서 병원등록이 가능하며, 의사 회원만 이용 가능합니다.

[병원등록] > 요구 내용 작성 > 병원등록 클릭 

병원등록을 위해서 필요한 서류 검토 후 등록승인 시, 병원 코드가 발급됩니다.
(필요 서류는 [병원등록] 탭에서 확인 가능합니다.)"
병원 등록 과정에서 제공해야 하는 정보는 무엇인가요?,"[병원등록] 탭에서 병원등록이 가능하며, 의사 회원만 이용 가능합니다.

[병원등록] > 요구 내용 작성 > 병원등록 클릭 

병원등록을 위해서 필요한 서류 검토 후 등록승인 시, 병원 코드가 발급됩니다.
(필요 서류는 [병원등록] 탭에서 확인 가능합니다.)"
병원 등록 절차를 진행하려면 어떤 단계를 거쳐야 하나요?,"[병원등록] 탭에서 병원등록이 가능하며, 의사 회원만 이용 가능합니다.

[병원등록] > 요구 내용 작성 > 병원등록 클릭 

병원등록을 위해서 필요한 서류 검토 후 등록승인 시, 병원 코드가 발급됩니다.
(필요 서류는 [병원등록] 탭에서 확인 가능합니다.)"
병원 등록 신청서를 작성할 때 필요한 정보는 무엇인가요?,"[병원등록] 탭에서 병원등록이 가능하며, 의사 회원만 이용 가능합니다.

[병원등록] > 요구 내용 작성 > 병원등록 클릭 

병원등록을 위해서 필요한 서류 검토 후 등록승인 시, 병원 코드가 발급됩니다.
(필요 서류는 [병원등록] 탭에서 확인 가능합니다.)"
병원 등록을 하기 위해 먼저 준비해야 할 서류는 무엇인가요?,"[병원등록] 탭에서 병원등록이 가능하며, 의사 회원만 이용 가능합니다.

[병원등록] > 요구 내용 작성 > 병원등록 클릭 

병원등록을 위해서 필요한 서류 검토 후 등록승인 시, 병원 코드가 발급됩니다.
(필요 서류는 [병원등록] 탭에서 확인 가능합니다.)"
병원 등록 신청서를 어디에서 작성할 수 있나요?,"[병원등록] 탭에서 병원등록이 가능하며, 의사 회원만 이용 가능합니다.

[병원등록] > 요구 내용 작성 > 병원등록 클릭 

병원등록을 위해서 필요한 서류 검토 후 등록승인 시, 병원 코드가 발급됩니다.
(필요 서류는 [병원등록] 탭에서 확인 가능합니다.)"
병원 등록 신청은 어디에서 진행되나요?,"[병원등록] 탭에서 병원등록이 가능하며, 의사 회원만 이용 가능합니다.

[병원등록] > 요구 내용 작성 > 병원등록 클릭 

병원등록을 위해서 필요한 서류 검토 후 등록승인 시, 병원 코드가 발급됩니다.
(필요 서류는 [병원등록] 탭에서 확인 가능합니다.)"
병원 등록을 하기 위해 필요한 준비물은 무엇인가요?,"[병원등록] 탭에서 병원등록이 가능하며, 의사 회원만 이용 가능합니다.

[병원등록] > 요구 내용 작성 > 병원등록 클릭 

병원등록을 위해서 필요한 서류 검토 후 등록승인 시, 병원 코드가 발급됩니다.
(필요 서류는 [병원등록] 탭에서 확인 가능합니다.)"
병원 등록 서류를 준비하려면 어디에서 정보를 얻을 수 있나요?,"[병원등록] 탭에서 병원등록이 가능하며, 의사 회원만 이용 가능합니다.

[병원등록] > 요구 내용 작성 > 병원등록 클릭 

병원등록을 위해서 필요한 서류 검토 후 등록승인 시, 병원 코드가 발급됩니다.
(필요 서류는 [병원등록] 탭에서 확인 가능합니다.)"
병원 등록 신청을 하려면 어떤 서류를 준비해야 하나요?,"[병원등록] 탭에서 병원등록이 가능하며, 의사 회원만 이용 가능합니다.

[병원등록] > 요구 내용 작성 > 병원등록 클릭 

병원등록을 위해서 필요한 서류 검토 후 등록승인 시, 병원 코드가 발급됩니다.
(필요 서류는 [병원등록] 탭에서 확인 가능합니다.)"
병원 등록 과정을 시작하려면 어떤 준비물이 필요한가요?,"[병원등록] 탭에서 병원등록이 가능하며, 의사 회원만 이용 가능합니다.

[병원등록] > 요구 내용 작성 > 병원등록 클릭 

병원등록을 위해서 필요한 서류 검토 후 등록승인 시, 병원 코드가 발급됩니다.
(필요 서류는 [병원등록] 탭에서 확인 가능합니다.)"
병원 등록 신청서를 작성하려면 어디로 가야 하나요?,"[병원등록] 탭에서 병원등록이 가능하며, 의사 회원만 이용 가능합니다.

[병원등록] > 요구 내용 작성 > 병원등록 클릭 

병원등록을 위해서 필요한 서류 검토 후 등록승인 시, 병원 코드가 발급됩니다.
(필요 서류는 [병원등록] 탭에서 확인 가능합니다.)"
병원 등록 절차는 어디에서 확인할 수 있나요?,"[병원등록] 탭에서 병원등록이 가능하며, 의사 회원만 이용 가능합니다.

[병원등록] > 요구 내용 작성 > 병원등록 클릭 

병원등록을 위해서 필요한 서류 검토 후 등록승인 시, 병원 코드가 발급됩니다.
(필요 서류는 [병원등록] 탭에서 확인 가능합니다.)"
병원 등록 신청을 하기 위해 필요한 정보는 무엇인가요?,"[병원등록] 탭에서 병원등록이 가능하며, 의사 회원만 이용 가능합니다.

[병원등록] > 요구 내용 작성 > 병원등록 클릭 

병원등록을 위해서 필요한 서류 검토 후 등록승인 시, 병원 코드가 발급됩니다.
(필요 서류는 [병원등록] 탭에서 확인 가능합니다.)"
병원 등록을 하기 위해 필요한 준비물은 어디에서 얻을 수 있나요?,"[병원등록] 탭에서 병원등록이 가능하며, 의사 회원만 이용 가능합니다.

[병원등록] > 요구 내용 작성 > 병원등록 클릭 

병원등록을 위해서 필요한 서류 검토 후 등록승인 시, 병원 코드가 발급됩니다.
(필요 서류는 [병원등록] 탭에서 확인 가능합니다.)"
병원 등록 신청서를 작성하려면 어떤 서류가 필요한가요?,"[병원등록] 탭에서 병원등록이 가능하며, 의사 회원만 이용 가능합니다.

[병원등록] > 요구 내용 작성 > 병원등록 클릭 

병원등록을 위해서 필요한 서류 검토 후 등록승인 시, 병원 코드가 발급됩니다.
(필요 서류는 [병원등록] 탭에서 확인 가능합니다.)"
병원 등록 신청 절차를 안내받으려면 어떻게 해야 하나요?,"[병원등록] 탭에서 병원등록이 가능하며, 의사 회원만 이용 가능합니다.

[병원등록] > 요구 내용 작성 > 병원등록 클릭 

병원등록을 위해서 필요한 서류 검토 후 등록승인 시, 병원 코드가 발급됩니다.
(필요 서류는 [병원등록] 탭에서 확인 가능합니다.)"
병원 등록 신청은 어떤 순서로 진행되나요?,"[병원등록] 탭에서 병원등록이 가능하며, 의사 회원만 이용 가능합니다.

[병원등록] > 요구 내용 작성 > 병원등록 클릭 

병원등록을 위해서 필요한 서류 검토 후 등록승인 시, 병원 코드가 발급됩니다.
(필요 서류는 [병원등록] 탭에서 확인 가능합니다.)"
병원 등록을 하려면 몇 단계가 필요한가요?,"[병원등록] 탭에서 병원등록이 가능하며, 의사 회원만 이용 가능합니다.

[병원등록] > 요구 내용 작성 > 병원등록 클릭 

병원등록을 위해서 필요한 서류 검토 후 등록승인 시, 병원 코드가 발급됩니다.
(필요 서류는 [병원등록] 탭에서 확인 가능합니다.)"
병원 등록 신청서 작성 방법은 어디에서 확인할 수 있나요?,"[병원등록] 탭에서 병원등록이 가능하며, 의사 회원만 이용 가능합니다.

[병원등록] > 요구 내용 작성 > 병원등록 클릭 

병원등록을 위해서 필요한 서류 검토 후 등록승인 시, 병원 코드가 발급됩니다.
(필요 서류는 [병원등록] 탭에서 확인 가능합니다.)"
병원 등록을 위해 필요한 서류는 어디에서 확인할 수 있나요?,"[병원등록] 탭에서 병원등록이 가능하며, 의사 회원만 이용 가능합니다.

[병원등록] > 요구 내용 작성 > 병원등록 클릭 

병원등록을 위해서 필요한 서류 검토 후 등록승인 시, 병원 코드가 발급됩니다.
(필요 서류는 [병원등록] 탭에서 확인 가능합니다.)"
병원 등록 신청을 완료하려면 어떤 단계를 거쳐야 하나요?,"[병원등록] 탭에서 병원등록이 가능하며, 의사 회원만 이용 가능합니다.

[병원등록] > 요구 내용 작성 > 병원등록 클릭 

병원등록을 위해서 필요한 서류 검토 후 등록승인 시, 병원 코드가 발급됩니다.
(필요 서류는 [병원등록] 탭에서 확인 가능합니다.)"
병원 등록 절차를 진행하려면 어떤 서류를 제출해야 하나요?,"[병원등록] 탭에서 병원등록이 가능하며, 의사 회원만 이용 가능합니다.

[병원등록] > 요구 내용 작성 > 병원등록 클릭 

병원등록을 위해서 필요한 서류 검토 후 등록승인 시, 병원 코드가 발급됩니다.
(필요 서류는 [병원등록] 탭에서 확인 가능합니다.)"
병원 등록 신청서를 작성하려면 어떤 정보를 제공해야 하나요?,"[병원등록] 탭에서 병원등록이 가능하며, 의사 회원만 이용 가능합니다.

[병원등록] > 요구 내용 작성 > 병원등록 클릭 

병원등록을 위해서 필요한 서류 검토 후 등록승인 시, 병원 코드가 발급됩니다.
(필요 서류는 [병원등록] 탭에서 확인 가능합니다.)"
병원 등록을 위해 필요한 서류는 무엇인가요?,"[병원등록] 탭에서 병원등록이 가능하며, 의사 회원만 이용 가능합니다.

[병원등록] > 요구 내용 작성 > 병원등록 클릭 

병원등록을 위해서 필요한 서류 검토 후 등록승인 시, 병원 코드가 발급됩니다.
(필요 서류는 [병원등록] 탭에서 확인 가능합니다.)"
병원 등록 절차를 시작하려면 어떤 준비물이 필요하나요?,"[병원등록] 탭에서 병원등록이 가능하며, 의사 회원만 이용 가능합니다.

[병원등록] > 요구 내용 작성 > 병원등록 클릭 

병원등록을 위해서 필요한 서류 검토 후 등록승인 시, 병원 코드가 발급됩니다.
(필요 서류는 [병원등록] 탭에서 확인 가능합니다.)"
병원 등록 신청서를 어디에서 작성해야 하나요?,"[병원등록] 탭에서 병원등록이 가능하며, 의사 회원만 이용 가능합니다.

[병원등록] > 요구 내용 작성 > 병원등록 클릭 

병원등록을 위해서 필요한 서류 검토 후 등록승인 시, 병원 코드가 발급됩니다.
(필요 서류는 [병원등록] 탭에서 확인 가능합니다.)"
병원 등록 절차를 안내받으려면 어디로 가야 하나요?,"[병원등록] 탭에서 병원등록이 가능하며, 의사 회원만 이용 가능합니다.

[병원등록] > 요구 내용 작성 > 병원등록 클릭 

병원등록을 위해서 필요한 서류 검토 후 등록승인 시, 병원 코드가 발급됩니다.
(필요 서류는 [병원등록] 탭에서 확인 가능합니다.)"
병원 등록 신청 방법은 어디에서 확인할 수 있나요?,"[병원등록] 탭에서 병원등록이 가능하며, 의사 회원만 이용 가능합니다.

[병원등록] > 요구 내용 작성 > 병원등록 클릭 

병원등록을 위해서 필요한 서류 검토 후 등록승인 시, 병원 코드가 발급됩니다.
(필요 서류는 [병원등록] 탭에서 확인 가능합니다.)"
병원 등록을 위해 필요한 준비물은 무엇인가요?,"[병원등록] 탭에서 병원등록이 가능하며, 의사 회원만 이용 가능합니다.

[병원등록] > 요구 내용 작성 > 병원등록 클릭 

병원등록을 위해서 필요한 서류 검토 후 등록승인 시, 병원 코드가 발급됩니다.
(필요 서류는 [병원등록] 탭에서 확인 가능합니다.)"
병원 등록 서류를 준비하려면 무엇을 해야 하나요?,"[병원등록] 탭에서 병원등록이 가능하며, 의사 회원만 이용 가능합니다.

[병원등록] > 요구 내용 작성 > 병원등록 클릭 

병원등록을 위해서 필요한 서류 검토 후 등록승인 시, 병원 코드가 발급됩니다.
(필요 서류는 [병원등록] 탭에서 확인 가능합니다.)"
병원 등록 신청서를 작성하려면 어떤 단계가 필요한가요?,"[병원등록] 탭에서 병원등록이 가능하며, 의사 회원만 이용 가능합니다.

[병원등록] > 요구 내용 작성 > 병원등록 클릭 

병원등록을 위해서 필요한 서류 검토 후 등록승인 시, 병원 코드가 발급됩니다.
(필요 서류는 [병원등록] 탭에서 확인 가능합니다.)"
병원 등록을 위해 필요한 정보는 어디에서 확인할 수 있나요?,"[병원등록] 탭에서 병원등록이 가능하며, 의사 회원만 이용 가능합니다.

[병원등록] > 요구 내용 작성 > 병원등록 클릭 

병원등록을 위해서 필요한 서류 검토 후 등록승인 시, 병원 코드가 발급됩니다.
(필요 서류는 [병원등록] 탭에서 확인 가능합니다.)"
병원 등록 신청 절차는 몇 단계로 이루어져 있나요?,"[병원등록] 탭에서 병원등록이 가능하며, 의사 회원만 이용 가능합니다.

[병원등록] > 요구 내용 작성 > 병원등록 클릭 

병원등록을 위해서 필요한 서류 검토 후 등록승인 시, 병원 코드가 발급됩니다.
(필요 서류는 [병원등록] 탭에서 확인 가능합니다.)"
병원 등록 서류를 어디에서 제출해야 하나요?,"[병원등록] 탭에서 병원등록이 가능하며, 의사 회원만 이용 가능합니다.

[병원등록] > 요구 내용 작성 > 병원등록 클릭 

병원등록을 위해서 필요한 서류 검토 후 등록승인 시, 병원 코드가 발급됩니다.
(필요 서류는 [병원등록] 탭에서 확인 가능합니다.)"
병원 등록을 하려면 어떤 단계를 따라야 하나요?,"[병원등록] 탭에서 병원등록이 가능하며, 의사 회원만 이용 가능합니다.

[병원등록] > 요구 내용 작성 > 병원등록 클릭 

병원등록을 위해서 필요한 서류 검토 후 등록승인 시, 병원 코드가 발급됩니다.
(필요 서류는 [병원등록] 탭에서 확인 가능합니다.)"
병원 등록 신청서를 작성하기 위해 필요한 서류는 무엇인가요?,"[병원등록] 탭에서 병원등록이 가능하며, 의사 회원만 이용 가능합니다.

[병원등록] > 요구 내용 작성 > 병원등록 클릭 

병원등록을 위해서 필요한 서류 검토 후 등록승인 시, 병원 코드가 발급됩니다.
(필요 서류는 [병원등록] 탭에서 확인 가능합니다.)"
병원 등록 신청을 시작하려면 어떤 정보를 준비해야 하나요?,"[병원등록] 탭에서 병원등록이 가능하며, 의사 회원만 이용 가능합니다.

[병원등록] > 요구 내용 작성 > 병원등록 클릭 

병원등록을 위해서 필요한 서류 검토 후 등록승인 시, 병원 코드가 발급됩니다.
(필요 서류는 [병원등록] 탭에서 확인 가능합니다.)"
병원 등록 절차를 완료하려면 어떤 단계를 거쳐야 하나요?,"[병원등록] 탭에서 병원등록이 가능하며, 의사 회원만 이용 가능합니다.

[병원등록] > 요구 내용 작성 > 병원등록 클릭 

병원등록을 위해서 필요한 서류 검토 후 등록승인 시, 병원 코드가 발급됩니다.
(필요 서류는 [병원등록] 탭에서 확인 가능합니다.)"
병원 등록 신청은 어떤 과정을 거쳐야 하나요?,"[병원등록] 탭에서 병원등록이 가능하며, 의사 회원만 이용 가능합니다.

[병원등록] > 요구 내용 작성 > 병원등록 클릭 

병원등록을 위해서 필요한 서류 검토 후 등록승인 시, 병원 코드가 발급됩니다.
(필요 서류는 [병원등록] 탭에서 확인 가능합니다.)"
병원 등록 신청서를 작성하기 위해 준비해야 할 서류는 무엇인가요?,"[병원등록] 탭에서 병원등록이 가능하며, 의사 회원만 이용 가능합니다.

[병원등록] > 요구 내용 작성 > 병원등록 클릭 

병원등록을 위해서 필요한 서류 검토 후 등록승인 시, 병원 코드가 발급됩니다.
(필요 서류는 [병원등록] 탭에서 확인 가능합니다.)"
병원 등록 신청 절차를 시작하려면 어떤 단계를 거쳐야 하나요?,"[병원등록] 탭에서 병원등록이 가능하며, 의사 회원만 이용 가능합니다.

[병원등록] > 요구 내용 작성 > 병원등록 클릭 

병원등록을 위해서 필요한 서류 검토 후 등록승인 시, 병원 코드가 발급됩니다.
(필요 서류는 [병원등록] 탭에서 확인 가능합니다.)"
병원 등록을 위해 필요한 준비물은 무엇인가요?,"[병원등록] 탭에서 병원등록이 가능하며, 의사 회원만 이용 가능합니다.

[병원등록] > 요구 내용 작성 > 병원등록 클릭 

병원등록을 위해서 필요한 서류 검토 후 등록승인 시, 병원 코드가 발급됩니다.
(필요 서류는 [병원등록] 탭에서 확인 가능합니다.)"
병원 등록 서류는 어디에서 준비해야 하나요?,"[병원등록] 탭에서 병원등록이 가능하며, 의사 회원만 이용 가능합니다.

[병원등록] > 요구 내용 작성 > 병원등록 클릭 

병원등록을 위해서 필요한 서류 검토 후 등록승인 시, 병원 코드가 발급됩니다.
(필요 서류는 [병원등록] 탭에서 확인 가능합니다.)"
병원 등록 신청 절차를 안내받으려면 어디로 가야 하나요?,"[병원등록] 탭에서 병원등록이 가능하며, 의사 회원만 이용 가능합니다.

[병원등록] > 요구 내용 작성 > 병원등록 클릭 

병원등록을 위해서 필요한 서류 검토 후 등록승인 시, 병원 코드가 발급됩니다.
(필요 서류는 [병원등록] 탭에서 확인 가능합니다.)"
병원 등록 신청서를 작성하려면 어떤 준비물이 필요한가요?,"[병원등록] 탭에서 병원등록이 가능하며, 의사 회원만 이용 가능합니다.

[병원등록] > 요구 내용 작성 > 병원등록 클릭 

병원등록을 위해서 필요한 서류 검토 후 등록승인 시, 병원 코드가 발급됩니다.
(필요 서류는 [병원등록] 탭에서 확인 가능합니다.)"
병원 등록을 완료하려면 어떤 단계를 거쳐야 하나요?,"[병원등록] 탭에서 병원등록이 가능하며, 의사 회원만 이용 가능합니다.

[병원등록] > 요구 내용 작성 > 병원등록 클릭 

병원등록을 위해서 필요한 서류 검토 후 등록승인 시, 병원 코드가 발급됩니다.
(필요 서류는 [병원등록] 탭에서 확인 가능합니다.)"